source,target
The Notorious B.I.G.,Mobb Deep
The Notorious B.I.G.,Ice Cube
The Notorious B.I.G.,2Pac
The Notorious B.I.G.,Wu-Tang Clan
The Notorious B.I.G.,Dr. Dre
The Notorious B.I.G.,Snoop Dogg
Wu-Tang Clan,Mobb Deep
Ms. Lauryn Hill,Fugees
Ms. Lauryn Hill,Mary J. Blige
TOMORROW X TOGETHER,ENHYPEN
TOMORROW X TOGETHER,ATEEZ
TOMORROW X TOGETHER,Stray Kids
TOMORROW X TOGETHER,SEVENTEEN
TOMORROW X TOGETHER,LE SSERAFIM
TOMORROW X TOGETHER,Agust D
TOMORROW X TOGETHER,TAEMIN
David Guetta,Calvin Harris
David Guetta,Tiësto
David Guetta,Flo Rida
David Guetta,Avicii
David Guetta,Swedish House Mafia
David Guetta,Alesso
David Guetta,Martin Garrix
David Guetta,Pitbull
David Guetta,R3HAB
David Guetta,Dimitri Vegas & Like Mike
David Guetta,Zedd
Jorja Smith,H.E.R.
Jorja Smith,GoldLink
Eminem,Dr. Dre
Eminem,50 Cent
Eminem,Snoop Dogg
Eminem,2Pac
Eminem,Ice Cube
Eminem,Post Malone
Eminem,The Notorious B.I.G.
Eminem,Linkin Park
Eminem,Kanye West
Eminem,Kendrick Lamar
Eminem,Juice WRLD
Eminem,The Game
Eminem,Drake
Eminem,XXXTENTACION
Eminem,JAY-Z
Akon,Sean Kingston
Akon,Nelly
Akon,T-Pain
Akon,Jay Sean
Akon,Soulja Boy
Akon,Timbaland
Akon,Taio Cruz
Akon,Ne-Yo
Akon,USHER
Juice WRLD,Trippie Redd
Juice WRLD,YNW Melly
Juice WRLD,Polo G
Juice WRLD,Lil Tecca
Juice WRLD,Lil Uzi Vert
Juice WRLD,DaBaby
Juice WRLD,XXXTENTACION
Juice WRLD,NLE Choppa
Juice WRLD,Roddy Ricch
Juice WRLD,Lil Yachty
Juice WRLD,Lil Baby
Juice WRLD,The Kid LAROI
Juice WRLD,Pop Smoke
Juice WRLD,A Boogie Wit da Hoodie
Juice WRLD,Kodak Black
Dr. Dre,Ice Cube
Dr. Dre,Snoop Dogg
Dr. Dre,The Notorious B.I.G.
Dr. Dre,50 Cent
Dr. Dre,The Game
Dr. Dre,2Pac
Dr. Dre,Mobb Deep
Drake,Future
Drake,21 Savage
Drake,J. Cole
Drake,DJ Khaled
Drake,Travis Scott
Drake,Kanye West
Drake,Metro Boomin
Drake,Kendrick Lamar
Drake,Lil Baby
Drake,Young Thug
Drake,Gunna
Drake,Lil Uzi Vert
Drake,A$AP Rocky
Drake,Tory Lanez
Drake,Migos
Drake,Meek Mill
Drake,Bryson Tiller
Drake,PARTYNEXTDOOR
Drake,Playboi Carti
Zara Larsson,Bebe Rexha
Zara Larsson,Anne-Marie
Zara Larsson,Hailee Steinfeld
Zara Larsson,Alessia Cara
Zara Larsson,Julia Michaels
Zara Larsson,Ellie Goulding
Zara Larsson,Ava Max
Zara Larsson,Zedd
Tate McRae,Madison Beer
Tate McRae,Sabrina Carpenter
Tate McRae,Alec Benjamin
Tate McRae,Gracie Abrams
Tate McRae,Dove Cameron
Tate McRae,Ruth B.
Tate McRae,Jessie Murph
Tate McRae,Julia Michaels
Tate McRae,Dean Lewis
Tate McRae,Sara Kays
Tate McRae,Conan Gray
Tate McRae,Sadie Jean
Tate McRae,Benson Boone
Dua Lipa,Camila Cabello
Dua Lipa,Bebe Rexha
Dua Lipa,Anne-Marie
Dua Lipa,Selena Gomez
Dua Lipa,Ava Max
Dua Lipa,Sia
Dua Lipa,Katy Perry
Dua Lipa,Zara Larsson
Dua Lipa,Miley Cyrus
Dua Lipa,Halsey
Dua Lipa,Ariana Grande
Dua Lipa,Harry Styles
Dua Lipa,Shawn Mendes
Dua Lipa,Ellie Goulding
Dua Lipa,Doja Cat
Sia,Ellie Goulding
Sia,Bebe Rexha
Sia,Jessie J
Sia,Lady Gaga
Sia,Anne-Marie
Sia,Katy Perry
Sia,Dua Lipa
Sia,Zara Larsson
Sia,Ava Max
Sia,Miley Cyrus
Sia,P!nk
Sia,Halsey
Sia,Camila Cabello
Sia,Britney Spears
Sia,Adele
Sia,Sam Smith
Sia,Meghan Trainor
Alok,Anitta
Jack Harlow,Internet Money
Jack Harlow,The Kid LAROI
Jack Harlow,Don Toliver
Jack Harlow,Baby Keem
Jack Harlow,24kGoldn
Jack Harlow,DaBaby
Jack Harlow,JID
Jack Harlow,Roddy Ricch
Jack Harlow,Offset
Jack Harlow,Tory Lanez
Jack Harlow,Gunna
Ofenbach,Felix Jaehn
Ofenbach,Lost Frequencies
Ofenbach,Jax Jones
Tyla,Victoria Monét
Tyla,Amaarae
Tyla,Doechii
Tyla,Tems
Tyla,Libianca
Tyla,Kaliii
Tyla,Coi Leray
Tyla,Ice Spice
Sabrina Carpenter,Dove Cameron
Sabrina Carpenter,Madison Beer
Sabrina Carpenter,Gracie Abrams
Sabrina Carpenter,Tate McRae
Sabrina Carpenter,Conan Gray
Sabrina Carpenter,Hailee Steinfeld
Sabrina Carpenter,Bebe Rexha
Sabrina Carpenter,Olivia Rodrigo
Sabrina Carpenter,Alessia Cara
Sabrina Carpenter,5 Seconds of Summer
Kenya Grace,Isabel LaRosa
Kenya Grace,RAYE
Kenya Grace,PinkPantheress
Kenya Grace,David Kushner
Kenya Grace,Tate McRae
Kenya Grace,Tyla
Kenya Grace,Artemas
Kenya Grace,cassö
Kenya Grace,Elley Duhé
Kenya Grace,Beach Weather
Kenya Grace,Øneheart
Kenya Grace,Dominic Fike
Kali Uchis,PinkPantheress
Kali Uchis,Steve Lacy
Kali Uchis,WILLOW
Kali Uchis,Clairo
Kali Uchis,Daniel Caesar
Kali Uchis,Omar Apollo
Kali Uchis,"Tyler, The Creator"
Kali Uchis,Mac DeMarco
Kali Uchis,SZA
Kali Uchis,Brent Faiyaz
Kali Uchis,Faye Webster
Kali Uchis,beabadoobee
Kali Uchis,Frank Ocean
Kali Uchis,TV Girl
Kali Uchis,Mitski
Ozuna,Farruko
Ozuna,J Balvin
Ozuna,Zion & Lennox
Ozuna,Manuel Turizo
Ozuna,Daddy Yankee
Ozuna,Arcángel
Ozuna,Anuel AA
Ozuna,Maluma
Ozuna,Myke Towers
Ozuna,Piso 21
Ozuna,Wisin & Yandel
Måneskin,girl in red
Måneskin,Conan Gray
Måneskin,Arctic Monkeys
Måneskin,The Neighbourhood
Dimitri Vegas & Like Mike,R3HAB
Calvin Harris,Alesso
Calvin Harris,David Guetta
Calvin Harris,Zedd
Calvin Harris,Martin Garrix
Calvin Harris,Avicii
Calvin Harris,Kygo
Calvin Harris,Tiësto
Calvin Harris,Swedish House Mafia
Calvin Harris,R3HAB
Calvin Harris,The Chainsmokers
Calvin Harris,Dimitri Vegas & Like Mike
Troye Sivan,Lauv
Troye Sivan,Charli XCX
Troye Sivan,5 Seconds of Summer
Troye Sivan,The 1975
Troye Sivan,Lorde
Troye Sivan,Conan Gray
Troye Sivan,Halsey
Troye Sivan,Alessia Cara
Troye Sivan,Hailee Steinfeld
Tems,Oxlade
Tems,Lojay
Olivia Rodrigo,Conan Gray
Olivia Rodrigo,Sabrina Carpenter
Olivia Rodrigo,Madison Beer
Olivia Rodrigo,Tate McRae
Olivia Rodrigo,Doja Cat
Olivia Rodrigo,Harry Styles
Olivia Rodrigo,Ariana Grande
Olivia Rodrigo,Gracie Abrams
Olivia Rodrigo,Billie Eilish
Olivia Rodrigo,Taylor Swift
Olivia Rodrigo,Dove Cameron
Olivia Rodrigo,Lana Del Rey
Olivia Rodrigo,Selena Gomez
Olivia Rodrigo,Dua Lipa
Olivia Rodrigo,One Direction
Olivia Rodrigo,girl in red
Olivia Rodrigo,Camila Cabello
Olivia Rodrigo,SZA
The Kid LAROI,24kGoldn
The Kid LAROI,Internet Money
The Kid LAROI,Jack Harlow
The Kid LAROI,Polo G
The Kid LAROI,Lil Tecca
The Kid LAROI,Trippie Redd
The Kid LAROI,DaBaby
The Kid LAROI,Juice WRLD
The Kid LAROI,Roddy Ricch
The Kid LAROI,Sleepy Hallow
The Kid LAROI,YNW Melly
The Kid LAROI,A Boogie Wit da Hoodie
Bad Bunny,Rauw Alejandro
Bad Bunny,Feid
Bad Bunny,Myke Towers
Bad Bunny,Anuel AA
Bad Bunny,Jhayco
Bad Bunny,Ozuna
Bad Bunny,Mora
Bad Bunny,J Balvin
Bad Bunny,KAROL G
Bad Bunny,Arcángel
Bad Bunny,Eladio Carrion
Bad Bunny,Bizarrap
Bad Bunny,Quevedo
Bad Bunny,Daddy Yankee
Bad Bunny,Rels B
Bad Bunny,Farruko
Taylor Swift,Selena Gomez
Taylor Swift,Olivia Rodrigo
Taylor Swift,Katy Perry
Taylor Swift,Ariana Grande
Taylor Swift,Harry Styles
Taylor Swift,Camila Cabello
Taylor Swift,One Direction
Taylor Swift,Meghan Trainor
Taylor Swift,Shawn Mendes
Taylor Swift,Miley Cyrus
Taylor Swift,Dua Lipa
Taylor Swift,Sabrina Carpenter
Taylor Swift,Halsey
Taylor Swift,Lana Del Rey
Taylor Swift,Justin Bieber
Taylor Swift,Conan Gray
Taylor Swift,Billie Eilish
Taylor Swift,ZAYN
Taylor Swift,Charlie Puth
Noah Kahan,Zach Bryan
Noah Kahan,Lizzy McAlpine
Noah Kahan,Hozier
Noah Kahan,The Lumineers
Noah Kahan,boygenius
Noah Kahan,Phoebe Bridgers
Noah Kahan,Chance Peña
Noah Kahan,Gracie Abrams
Jung Kook,Agust D
Jung Kook,V
Jung Kook,RM
Jung Kook,j-hope
Jung Kook,TOMORROW X TOGETHER
Jung Kook,BTS
Jung Kook,ENHYPEN
Jung Kook,Stray Kids
Jung Kook,ATEEZ
Jung Kook,JENNIE
Jung Kook,SEVENTEEN
Jung Kook,LISA
Jung Kook,LE SSERAFIM
Lost Frequencies,Felix Jaehn
Lost Frequencies,Ofenbach
Lost Frequencies,Kygo
Lost Frequencies,Alesso
Lost Frequencies,Jax Jones
Lost Frequencies,R3HAB
Lost Frequencies,Dimitri Vegas & Like Mike
Bebe Rexha,Zara Larsson
Bebe Rexha,Anne-Marie
Bebe Rexha,Hailee Steinfeld
Bebe Rexha,Ava Max
Bebe Rexha,Ellie Goulding
Bebe Rexha,Alessia Cara
Bebe Rexha,Julia Michaels
Bebe Rexha,Halsey
Bebe Rexha,Charli XCX
Bebe Rexha,Kesha
Selena Gomez,Camila Cabello
Selena Gomez,Selena Gomez & The Scene
Selena Gomez,Bebe Rexha
Selena Gomez,Katy Perry
Selena Gomez,Miley Cyrus
Selena Gomez,Anne-Marie
Selena Gomez,Halsey
Selena Gomez,Ariana Grande
Selena Gomez,ZAYN
Selena Gomez,Dua Lipa
Selena Gomez,Meghan Trainor
Selena Gomez,Shawn Mendes
Selena Gomez,Alessia Cara
Selena Gomez,Hailee Steinfeld
Selena Gomez,Zara Larsson
Selena Gomez,Sabrina Carpenter
Doja Cat,Megan Thee Stallion
Doja Cat,Cardi B
Doja Cat,Kali Uchis
Doja Cat,SZA
Doja Cat,Nicki Minaj
Doja Cat,Olivia Rodrigo
Doja Cat,Kehlani
Doja Cat,Ariana Grande
Doja Cat,Conan Gray
Doja Cat,Dua Lipa
Doja Cat,Summer Walker
Doja Cat,Ice Spice
Doja Cat,Billie Eilish
Doja Cat,Madison Beer
Doja Cat,H.E.R.
Doja Cat,The Neighbourhood
cassö,RAYE
cassö,Jazzy
cassö,Hannah Laing
cassö,Nathan Dawe
cassö,Matt Sassari
cassö,Supermode
Purple Disco Machine,Ofenbach
Purple Disco Machine,Peggy Gou
Purple Disco Machine,MEDUZA
Tom Odell,Kodaline
Tom Odell,Passenger
Tom Odell,Seafret
Tom Odell,Vance Joy
Tom Odell,Hozier
Tom Odell,George Ezra
Tom Odell,Jaymes Young
Tom Odell,Dean Lewis
Tom Odell,The Lumineers
Tom Odell,BANNERS
Charlie Puth,Shawn Mendes
Charlie Puth,Anne-Marie
Charlie Puth,Bebe Rexha
Charlie Puth,Jonas Brothers
Charlie Puth,ZAYN
Charlie Puth,Camila Cabello
Charlie Puth,Sam Smith
Charlie Puth,Meghan Trainor
Charlie Puth,The Chainsmokers
Charlie Puth,Lauv
Charlie Puth,Hailee Steinfeld
Charlie Puth,Halsey
Charlie Puth,Zara Larsson
Charlie Puth,Selena Gomez
Charlie Puth,5 Seconds of Summer
Bruno Mars,Maroon 5
Bruno Mars,Ne-Yo
Bruno Mars,Justin Timberlake
Bruno Mars,Sam Smith
Bruno Mars,Charlie Puth
Bruno Mars,Katy Perry
Bruno Mars,Shawn Mendes
Bruno Mars,Alicia Keys
Bruno Mars,Rihanna
Bruno Mars,Adele
Bruno Mars,Jason Mraz
Bruno Mars,One Direction
Bruno Mars,OneRepublic
Bruno Mars,Beyoncé
Bruno Mars,Jessie J
Bruno Mars,Ed Sheeran
Bruno Mars,Ariana Grande
Bruno Mars,Meghan Trainor
Billie Eilish,Olivia Rodrigo
Billie Eilish,Doja Cat
Billie Eilish,Ariana Grande
Billie Eilish,Halsey
Billie Eilish,Harry Styles
Billie Eilish,Dua Lipa
Billie Eilish,Lana Del Rey
Billie Eilish,Conan Gray
Billie Eilish,Selena Gomez
Billie Eilish,Camila Cabello
Billie Eilish,The Neighbourhood
Billie Eilish,girl in red
Billie Eilish,Shawn Mendes
Billie Eilish,Katy Perry
Billie Eilish,Sia
Billie Eilish,Cardi B
Billie Eilish,The Weeknd
Billie Eilish,Taylor Swift
Billie Eilish,Adele
Ed Sheeran,Shawn Mendes
Ed Sheeran,Charlie Puth
Ed Sheeran,Sam Smith
Ed Sheeran,Maroon 5
Ed Sheeran,James Arthur
Ed Sheeran,Adele
Ed Sheeran,OneRepublic
Ed Sheeran,Bruno Mars
Ed Sheeran,Camila Cabello
Ed Sheeran,Imagine Dragons
Ed Sheeran,The Chainsmokers
Ed Sheeran,Justin Bieber
Ed Sheeran,Dua Lipa
Ed Sheeran,Lewis Capaldi
Ed Sheeran,Sia
Ed Sheeran,Coldplay
Ed Sheeran,P!nk
Ed Sheeran,One Direction
Ed Sheeran,Selena Gomez
Ruth B.,Tate McRae
Ruth B.,gnash
Ruth B.,Alec Benjamin
Ruth B.,Madison Beer
Ruth B.,Alessia Cara
Ruth B.,Julia Michaels
Ruth B.,Dove Cameron
Ruth B.,Sabrina Carpenter
Ruth B.,Dean Lewis
Ruth B.,Anne-Marie
Imagine Dragons,OneRepublic
Imagine Dragons,Twenty One Pilots
Imagine Dragons,Maroon 5
Imagine Dragons,The Chainsmokers
Imagine Dragons,Fall Out Boy
Imagine Dragons,Sia
Imagine Dragons,Coldplay
Imagine Dragons,Marshmello
Imagine Dragons,Avicii
Imagine Dragons,Linkin Park
Imagine Dragons,Shawn Mendes
Imagine Dragons,Ed Sheeran
Imagine Dragons,The Script
Imagine Dragons,Sam Smith
Imagine Dragons,Halsey
Imagine Dragons,Dua Lipa
Imagine Dragons,WALK THE MOON
The Weeknd,SZA
The Weeknd,The Neighbourhood
The Weeknd,Lana Del Rey
The Weeknd,Drake
The Weeknd,Kendrick Lamar
The Weeknd,Doja Cat
The Weeknd,Post Malone
The Weeknd,Frank Ocean
The Weeknd,Childish Gambino
The Weeknd,Travis Scott
The Weeknd,Kanye West
The Weeknd,A$AP Rocky
The Weeknd,Harry Styles
The Weeknd,Arctic Monkeys
The Weeknd,Rihanna
The Weeknd,"Tyler, The Creator"
The Weeknd,Metro Boomin
The Weeknd,Dua Lipa
The Weeknd,Khalid
OneRepublic,The Script
OneRepublic,The Fray
OneRepublic,Maroon 5
OneRepublic,Train
OneRepublic,American Authors
OneRepublic,Imagine Dragons
OneRepublic,The Chainsmokers
OneRepublic,Ellie Goulding
OneRepublic,Jason Mraz
OneRepublic,Twenty One Pilots
OneRepublic,Zedd
OneRepublic,5 Seconds of Summer
OneRepublic,Jonas Brothers
OneRepublic,Fall Out Boy
One Direction,Niall Horan
One Direction,5 Seconds of Summer
One Direction,ZAYN
One Direction,Harry Styles
One Direction,Shawn Mendes
One Direction,Jonas Brothers
One Direction,Charlie Puth
One Direction,James Arthur
One Direction,Selena Gomez
One Direction,Camila Cabello
One Direction,Anne-Marie
One Direction,Justin Bieber
One Direction,Conan Gray
James Arthur,Calum Scott
James Arthur,Lewis Capaldi
James Arthur,Dean Lewis
James Arthur,Sam Smith
James Arthur,Shawn Mendes
James Arthur,Anne-Marie
James Arthur,Charlie Puth
James Arthur,The Script
James Arthur,One Direction
James Arthur,Alessia Cara
James Arthur,Niall Horan
James Arthur,Julia Michaels
James Arthur,Zara Larsson
James Arthur,Bebe Rexha
Twenty One Pilots,Fall Out Boy
Twenty One Pilots,My Chemical Romance
Twenty One Pilots,OneRepublic
Twenty One Pilots,Imagine Dragons
Twenty One Pilots,Green Day
Twenty One Pilots,Gorillaz
Twenty One Pilots,Foster The People
Twenty One Pilots,5 Seconds of Summer
Twenty One Pilots,The Neighbourhood
Twenty One Pilots,The Chainsmokers
Twenty One Pilots,blackbear
Twenty One Pilots,Cage The Elephant
Travis Scott,Metro Boomin
Travis Scott,21 Savage
Travis Scott,Playboi Carti
Travis Scott,Lil Uzi Vert
Travis Scott,Future
Travis Scott,Young Thug
Travis Scott,Don Toliver
Travis Scott,Gunna
Travis Scott,A$AP Rocky
Travis Scott,Baby Keem
Travis Scott,Trippie Redd
Travis Scott,Offset
Travis Scott,Lil Yachty
Travis Scott,Migos
Travis Scott,Kanye West
Travis Scott,Kendrick Lamar
Travis Scott,Lil Baby
Travis Scott,Lil Tecca
Travis Scott,Pop Smoke
Shawn Mendes,Camila Cabello
Shawn Mendes,Charlie Puth
Shawn Mendes,ZAYN
Shawn Mendes,Jonas Brothers
Shawn Mendes,Niall Horan
Shawn Mendes,5 Seconds of Summer
Shawn Mendes,Anne-Marie
Shawn Mendes,One Direction
Shawn Mendes,Bebe Rexha
Shawn Mendes,Zara Larsson
Shawn Mendes,Alessia Cara
Shawn Mendes,Selena Gomez
Shawn Mendes,Hailee Steinfeld
Shawn Mendes,Halsey
Avicii,Swedish House Mafia
Avicii,Martin Garrix
Avicii,Alesso
Avicii,Calvin Harris
Avicii,David Guetta
Avicii,Kygo
Avicii,Zedd
Avicii,Tiësto
Avicii,Dimitri Vegas & Like Mike
Avicii,The Chainsmokers
Avicii,Flo Rida
Avicii,R3HAB
Coldplay,OneRepublic
Coldplay,Oasis
Coldplay,Maroon 5
Coldplay,Keane
Coldplay,U2
Coldplay,Imagine Dragons
Coldplay,Snow Patrol
Coldplay,The Chainsmokers
Coldplay,The Script
Coldplay,Calvin Harris
Coldplay,Adele
Coldplay,Avicii
Coldplay,Sia
Coldplay,Bruno Mars
Coldplay,Kodaline
Coldplay,The Killers
Coldplay,Sam Smith
Coldplay,Twenty One Pilots
Coldplay,Ed Sheeran
Adele,Sia
Adele,Sam Smith
Adele,P!nk
Adele,Kelly Clarkson
Adele,Lady Gaga
Adele,Katy Perry
Adele,Miley Cyrus
Adele,Rihanna
Adele,Jessie J
Adele,Beyoncé
Adele,Alicia Keys
Adele,Bruno Mars
Adele,Dua Lipa
Adele,Ellie Goulding
Adele,Britney Spears
Adele,Ed Sheeran
Adele,Maroon 5
Adele,Coldplay
DJ Snake,Alesso
DJ Snake,Martin Garrix
DJ Snake,Zedd
DJ Snake,R3HAB
DJ Snake,Dimitri Vegas & Like Mike
DJ Snake,The Chainsmokers
John Legend,Alicia Keys
John Legend,Pharrell Williams
John Legend,Justin Timberlake
John Legend,USHER
John Legend,Ne-Yo
John Legend,Mary J. Blige
John Legend,Sam Smith
John Legend,Jason Mraz
John Legend,Whitney Houston
John Legend,Timbaland
Rihanna,Beyoncé
Rihanna,Nicki Minaj
Rihanna,Britney Spears
Rihanna,Cardi B
Rihanna,Destiny's Child
Rihanna,Alicia Keys
Rihanna,Justin Timberlake
Rihanna,Miley Cyrus
Rihanna,Katy Perry
Rihanna,Lady Gaga
Rihanna,Kesha
Rihanna,Jessie J
Rihanna,USHER
Maroon 5,OneRepublic
Maroon 5,Jason Mraz
Maroon 5,Train
Maroon 5,The Script
Maroon 5,The Chainsmokers
Maroon 5,Flo Rida
Maroon 5,Bruno Mars
Maroon 5,Charlie Puth
Maroon 5,Justin Timberlake
Maroon 5,Katy Perry
Maroon 5,Shawn Mendes
Maroon 5,Sam Smith
Maroon 5,Ellie Goulding
Maroon 5,Imagine Dragons
Maroon 5,Coldplay
Maroon 5,Black Eyed Peas
Maroon 5,Jonas Brothers
Maroon 5,Ed Sheeran
Maroon 5,P!nk
French Montana,Meek Mill
French Montana,Gucci Mane
French Montana,Waka Flocka Flame
French Montana,Mustard
Kendrick Lamar,A$AP Rocky
Kendrick Lamar,J. Cole
Kendrick Lamar,Baby Keem
Kendrick Lamar,"Tyler, The Creator"
Kendrick Lamar,Childish Gambino
Kendrick Lamar,Kanye West
Kendrick Lamar,Frank Ocean
Kendrick Lamar,Mac Miller
Kendrick Lamar,21 Savage
Kendrick Lamar,Metro Boomin
Kendrick Lamar,Playboi Carti
Kendrick Lamar,Future
Kendrick Lamar,JAY-Z
Kendrick Lamar,Migos
Kendrick Lamar,JID
Sam Smith,Calum Scott
Sam Smith,James Arthur
Sam Smith,Charlie Puth
Sam Smith,Ellie Goulding
Sam Smith,Lewis Capaldi
Sam Smith,John Legend
Sam Smith,Jessie J
Sam Smith,Shawn Mendes
Sam Smith,Bebe Rexha
Sam Smith,Justin Timberlake
Sam Smith,Alessia Cara
Sam Smith,Sia
Sam Smith,Miley Cyrus
Sam Smith,OneRepublic
Sam Smith,Khalid
Sam Smith,Meghan Trainor
Justin Bieber,ZAYN
Justin Bieber,Shawn Mendes
Justin Bieber,Selena Gomez
Justin Bieber,Charlie Puth
Justin Bieber,Camila Cabello
Justin Bieber,One Direction
Justin Bieber,Ariana Grande
Justin Bieber,Anne-Marie
Justin Bieber,Dua Lipa
Justin Bieber,Miley Cyrus
Justin Bieber,Alan Walker
Justin Bieber,Jonas Brothers
Justin Bieber,Halsey
Justin Bieber,Ed Sheeran
Justin Bieber,Katy Perry
Justin Bieber,Harry Styles
The Chainsmokers,Zedd
The Chainsmokers,Kygo
The Chainsmokers,Martin Garrix
The Chainsmokers,DJ Snake
The Chainsmokers,Alesso
The Chainsmokers,Marshmello
The Chainsmokers,Calvin Harris
The Chainsmokers,Bebe Rexha
The Chainsmokers,OneRepublic
The Chainsmokers,Avicii
The Chainsmokers,Zara Larsson
The Chainsmokers,Ellie Goulding
The Chainsmokers,Halsey
Lil Uzi Vert,Lil Yachty
Lil Uzi Vert,Trippie Redd
Lil Uzi Vert,Playboi Carti
Lil Uzi Vert,Young Thug
Lil Uzi Vert,Gunna
Lil Uzi Vert,Lil Tecca
Lil Uzi Vert,Kodak Black
Lil Uzi Vert,21 Savage
Lil Uzi Vert,Chief Keef
Lil Uzi Vert,Don Toliver
Lil Uzi Vert,A Boogie Wit da Hoodie
Lil Uzi Vert,Metro Boomin
Lil Uzi Vert,Baby Keem
Lil Uzi Vert,Offset
Lil Uzi Vert,Future
Lil Uzi Vert,Yeat
Foster The People,MGMT
Foster The People,Capital Cities
Foster The People,GROUPLOVE
Foster The People,Cage The Elephant
Foster The People,The Strokes
Foster The People,The Black Keys
Foster The People,Portugal. The Man
Frank Ocean,"Tyler, The Creator"
Frank Ocean,Brent Faiyaz
Frank Ocean,Steve Lacy
Frank Ocean,Childish Gambino
Frank Ocean,Daniel Caesar
Frank Ocean,Mac Miller
Frank Ocean,Miguel
Frank Ocean,A$AP Rocky
Frank Ocean,Sonder
Frank Ocean,Kendrick Lamar
Frank Ocean,Baby Keem
Frank Ocean,PARTYNEXTDOOR
Frank Ocean,SZA
Wiz Khalifa,Gucci Mane
Wiz Khalifa,French Montana
Wiz Khalifa,Fetty Wap
Wiz Khalifa,Waka Flocka Flame
Wiz Khalifa,T-Pain
Ariana Grande,Camila Cabello
Ariana Grande,Selena Gomez
Ariana Grande,Doja Cat
Ariana Grande,Dua Lipa
Ariana Grande,Katy Perry
Ariana Grande,Shawn Mendes
Ariana Grande,Olivia Rodrigo
Ariana Grande,Nicki Minaj
Ariana Grande,Meghan Trainor
Ariana Grande,Cardi B
Ariana Grande,Halsey
Ariana Grande,Miley Cyrus
Ariana Grande,Billie Eilish
Ariana Grande,ZAYN
Ariana Grande,Harry Styles
Ariana Grande,Anne-Marie
Ariana Grande,Rihanna
Childish Gambino,"Tyler, The Creator"
Childish Gambino,Frank Ocean
Childish Gambino,Steve Lacy
Childish Gambino,Mac Miller
Childish Gambino,Kendrick Lamar
Childish Gambino,A$AP Rocky
Childish Gambino,Miguel
Childish Gambino,Tame Impala
Childish Gambino,MF DOOM
Mark Ronson,Pharrell Williams
Mark Ronson,Paloma Faith
Mark Ronson,M.I.A.
Capital Cities,Foster The People
Capital Cities,GROUPLOVE
Capital Cities,MGMT
Capital Cities,WALK THE MOON
Capital Cities,Peter Bjorn and John
Train,The Goo Goo Dolls
Train,The Fray
Train,Plain White T's
Train,Counting Crows
Train,The Script
Train,Jason Mraz
ZAYN,Niall Horan
ZAYN,Zara Larsson
ZAYN,Shawn Mendes
ZAYN,5 Seconds of Summer
ZAYN,One Direction
ZAYN,Bebe Rexha
ZAYN,Anne-Marie
ZAYN,Camila Cabello
ZAYN,Harry Styles
ZAYN,Hailee Steinfeld
ZAYN,Alessia Cara
ZAYN,Jonas Brothers
ZAYN,Charlie Puth
ZAYN,Halsey
Harry Styles,Niall Horan
Harry Styles,One Direction
Harry Styles,ZAYN
Harry Styles,5 Seconds of Summer
Harry Styles,Conan Gray
Harry Styles,Shawn Mendes
Harry Styles,Jonas Brothers
Harry Styles,Olivia Rodrigo
Harry Styles,Dua Lipa
Harry Styles,Miley Cyrus
Harry Styles,Sabrina Carpenter
Harry Styles,Camila Cabello
Harry Styles,Troye Sivan
Harry Styles,Halsey
Harry Styles,Selena Gomez
Harry Styles,The Neighbourhood
Harry Styles,Doja Cat
Post Malone,Khalid
Post Malone,Juice WRLD
Post Malone,Migos
Post Malone,Travis Scott
Post Malone,Kendrick Lamar
Post Malone,Lil Uzi Vert
Post Malone,J. Cole
Post Malone,A$AP Rocky
Post Malone,21 Savage
Post Malone,Drake
Post Malone,The Kid LAROI
Post Malone,Trippie Redd
Post Malone,Mac Miller
Post Malone,XXXTENTACION
Post Malone,DaBaby
Post Malone,Lil Yachty
Kings of Leon,The Killers
Kings of Leon,Franz Ferdinand
Kings of Leon,Snow Patrol
Kings of Leon,The Black Keys
Kings of Leon,The White Stripes
Kings of Leon,The Strokes
Kings of Leon,The Verve
Kings of Leon,Foo Fighters
Kings of Leon,Muse
Kesha,Britney Spears
Kesha,Avril Lavigne
Kesha,Gwen Stefani
Kesha,Charli XCX
Kesha,Kelly Clarkson
Kesha,Bebe Rexha
Kesha,Jessie J
Kesha,Nelly Furtado
Kesha,Taio Cruz
Justin Timberlake,Pharrell Williams
Justin Timberlake,Timbaland
Justin Timberlake,Black Eyed Peas
Justin Timberlake,Nelly Furtado
Justin Timberlake,Gwen Stefani
Justin Timberlake,USHER
Justin Timberlake,Alicia Keys
Justin Timberlake,*NSYNC
Justin Timberlake,Destiny's Child
Justin Timberlake,Ne-Yo
Justin Timberlake,Britney Spears
Backstreet Boys,*NSYNC
Backstreet Boys,Hanson
Future,Young Thug
Future,Gunna
Future,Metro Boomin
Future,21 Savage
Future,Gucci Mane
Future,Offset
Future,Lil Durk
Future,Lil Baby
Future,Migos
Future,Don Toliver
Future,Kodak Black
Future,Lil Uzi Vert
Future,Lil Yachty
Future,Tory Lanez
Future,Chief Keef
Future,Meek Mill
Future,Playboi Carti
Future,A Boogie Wit da Hoodie
Flo Rida,Taio Cruz
Flo Rida,Pitbull
Flo Rida,Timbaland
Flo Rida,Sean Kingston
Flo Rida,Jay Sean
Flo Rida,Black Eyed Peas
Flo Rida,Gym Class Heroes
Flo Rida,Train
Flo Rida,David Guetta
Swedish House Mafia,Alesso
Swedish House Mafia,Tiësto
Swedish House Mafia,Dimitri Vegas & Like Mike
Lauv,Troye Sivan
Lauv,NIKI
Lauv,5 Seconds of Summer
Lauv,gnash
Lauv,Julia Michaels
P!nk,Kelly Clarkson
P!nk,Gwen Stefani
P!nk,Avril Lavigne
P!nk,Jessie J
P!nk,Kesha
P!nk,Lady Gaga
P!nk,Britney Spears
P!nk,Leona Lewis
P!nk,Katy Perry
P!nk,Justin Timberlake
P!nk,Nelly Furtado
P!nk,Black Eyed Peas
P!nk,Madonna
P!nk,Alicia Keys
Pitbull,Flo Rida
Pitbull,Taio Cruz
Pitbull,Timbaland
Pitbull,Black Eyed Peas
Pitbull,Sean Kingston
Pitbull,Jay Sean
Pitbull,Kesha
Pitbull,Enrique Iglesias
Pitbull,USHER
Pitbull,Nelly Furtado
Katy Perry,Britney Spears
Katy Perry,Meghan Trainor
Katy Perry,Lady Gaga
Katy Perry,Kesha
Katy Perry,Avril Lavigne
Katy Perry,Jessie J
Katy Perry,Selena Gomez
Katy Perry,Miley Cyrus
Katy Perry,Kelly Clarkson
Katy Perry,Ellie Goulding
Katy Perry,Bebe Rexha
Katy Perry,Camila Cabello
Katy Perry,P!nk
Katy Perry,Selena Gomez & The Scene
Katy Perry,Sia
Katy Perry,Dua Lipa
Nicki Minaj,Cardi B
Nicki Minaj,Megan Thee Stallion
Nicki Minaj,Beyoncé
Nicki Minaj,Rihanna
Nicki Minaj,Ice Spice
Nicki Minaj,Kehlani
Nicki Minaj,Doja Cat
Nicki Minaj,Britney Spears
Nicki Minaj,Kesha
Nicki Minaj,Destiny's Child
Nicki Minaj,SZA
Nicki Minaj,Summer Walker
Gym Class Heroes,Mike Posner
Gym Class Heroes,Taio Cruz
Gym Class Heroes,Plain White T's
Gym Class Heroes,Sean Kingston
Gym Class Heroes,Jay Sean
Gym Class Heroes,Flo Rida
Gym Class Heroes,Timbaland
Selena Gomez & The Scene,Selena Gomez
Selena Gomez & The Scene,Jonas Brothers
Selena Gomez & The Scene,Kesha
Selena Gomez & The Scene,Bebe Rexha
Calum Scott,James Arthur
Calum Scott,Dean Lewis
Calum Scott,Lewis Capaldi
Calum Scott,Sam Smith
Calum Scott,The Script
Calum Scott,Anne-Marie
Calum Scott,Charlie Puth
Calum Scott,Hailee Steinfeld
Calum Scott,Bebe Rexha
Kodaline,Seafret
Kodaline,Passenger
Kodaline,BANNERS
Kodaline,Tom Odell
Kodaline,Vance Joy
Kodaline,Jaymes Young
Kodaline,The Lumineers
Kodaline,Snow Patrol
Kodaline,Hozier
Kodaline,The Script
Lorde,Charli XCX
Lorde,Phoebe Bridgers
Lorde,Florence + The Machine
Lorde,Troye Sivan
Lorde,Hozier
Lorde,Kesha
Lorde,WILLOW
Lorde,BØRNS
Lorde,The 1975
NF,blackbear
NF,Alec Benjamin
NF,G-Eazy
NF,The Kid LAROI
NF,Juice WRLD
NF,Twenty One Pilots
Martin Garrix,Dimitri Vegas & Like Mike
Martin Garrix,Alesso
Martin Garrix,R3HAB
Martin Garrix,Zedd
Martin Garrix,Kygo
Martin Garrix,Tiësto
Martin Garrix,Avicii
Martin Garrix,Calvin Harris
Martin Garrix,DJ Snake
Cleffy,Artemas
Cleffy,Myles Smith
Cleffy,David Kushner
Cleffy,Montell Fish
$uicideboy$,Lil Peep
Lil Peep,$uicideboy$
Lil Peep,Trippie Redd
Lil Peep,XXXTENTACION
Lil Peep,Juice WRLD
Lil Peep,Lil Uzi Vert
Lil Peep,Playboi Carti
XXXTENTACION,Juice WRLD
XXXTENTACION,Trippie Redd
XXXTENTACION,Lil Peep
XXXTENTACION,YNW Melly
XXXTENTACION,Lil Uzi Vert
XXXTENTACION,Lil Tecca
XXXTENTACION,Lil Yachty
XXXTENTACION,NLE Choppa
XXXTENTACION,DaBaby
XXXTENTACION,Travis Scott
XXXTENTACION,Polo G
XXXTENTACION,Pop Smoke
XXXTENTACION,21 Savage
XXXTENTACION,Roddy Ricch
XXXTENTACION,Kodak Black
Cartel De Santa,La Santa Grifa
Cartel De Santa,Lefty Sm
Creedence Clearwater Revival,Lynyrd Skynyrd
Creedence Clearwater Revival,The Who
Creedence Clearwater Revival,Tom Petty
Creedence Clearwater Revival,Jimi Hendrix
Creedence Clearwater Revival,Eagles
Eagles,Lynyrd Skynyrd
Eagles,Journey
Lana Del Rey,The Neighbourhood
Lana Del Rey,Mitski
Lana Del Rey,Cigarettes After Sex
Lana Del Rey,TV Girl
Lana Del Rey,Arctic Monkeys
Lana Del Rey,girl in red
Lana Del Rey,Conan Gray
Lana Del Rey,Lorde
Lana Del Rey,Kali Uchis
Lana Del Rey,Clairo
Lana Del Rey,Doja Cat
Lana Del Rey,beabadoobee
Lana Del Rey,Mac DeMarco
Lana Del Rey,Harry Styles
Lana Del Rey,Olivia Rodrigo
Lana Del Rey,SZA
Lana Del Rey,The Weeknd
Guns N' Roses,Aerosmith
Guns N' Roses,KISS
Guns N' Roses,AC/DC
Guns N' Roses,Bon Jovi
Guns N' Roses,Led Zeppelin
The Offspring,blink-182
The Offspring,Jimmy Eat World
The Offspring,Green Day
The Offspring,Rage Against The Machine
The Offspring,Soundgarden
The Offspring,Audioslave
Hoobastank,3 Doors Down
Hoobastank,The Calling
Rage Against The Machine,Audioslave
Rage Against The Machine,Soundgarden
Rage Against The Machine,Stone Temple Pilots
Rage Against The Machine,The Smashing Pumpkins
Rage Against The Machine,Incubus
Thirty Seconds To Mars,Hoobastank
Thirty Seconds To Mars,Muse
Thirty Seconds To Mars,Evanescence
Thirty Seconds To Mars,Fall Out Boy
Thirty Seconds To Mars,Jimmy Eat World
Thirty Seconds To Mars,My Chemical Romance
Weezer,Jimmy Eat World
Weezer,The Smashing Pumpkins
Weezer,Pixies
Weezer,The White Stripes
Weezer,Sublime
Weezer,Soundgarden
Weezer,Stone Temple Pilots
Weezer,Incubus
Weezer,Cage The Elephant
Weezer,Blur
Weezer,The Strokes
Smash Mouth,Counting Crows
Counting Crows,The Goo Goo Dolls
No Doubt,Gwen Stefani
No Doubt,The Cardigans
No Doubt,The Cranberries
No Doubt,Nelly Furtado
No Doubt,Smash Mouth
Sublime,Weezer
Sublime,Incubus
Sublime,Stone Temple Pilots
Incubus,Audioslave
Incubus,Stone Temple Pilots
Incubus,Soundgarden
Incubus,Rage Against The Machine
Incubus,The Smashing Pumpkins
Stone Temple Pilots,Soundgarden
Stone Temple Pilots,Audioslave
Stone Temple Pilots,The Smashing Pumpkins
Red Hot Chili Peppers,Foo Fighters
Red Hot Chili Peppers,Rage Against The Machine
Red Hot Chili Peppers,Audioslave
Red Hot Chili Peppers,Pearl Jam
Red Hot Chili Peppers,The Smashing Pumpkins
Red Hot Chili Peppers,Nirvana
Red Hot Chili Peppers,Soundgarden
Red Hot Chili Peppers,Incubus
Red Hot Chili Peppers,The Offspring
Red Hot Chili Peppers,Stone Temple Pilots
Red Hot Chili Peppers,Green Day
Red Hot Chili Peppers,Led Zeppelin
Red Hot Chili Peppers,System Of A Down
Red Hot Chili Peppers,Jimi Hendrix
Red Hot Chili Peppers,blink-182
Red Hot Chili Peppers,The White Stripes
Red Hot Chili Peppers,Aerosmith
Luis Miguel,Alejandro Fernández
Luis Miguel,Franco De Vita
Shakira,Juanes
Shakira,Jesse & Joy
Shakira,Enrique Iglesias
Shakira,Maluma
Shakira,KAROL G
Shakira,Becky G
Shakira,Luis Fonsi
Shakira,Sebastian Yatra
Shakira,Reik
Nickelback,3 Doors Down
Nickelback,Hoobastank
Kate Bush,Talking Heads
The Verve,Blur
Fleetwood Mac,Eagles
Fleetwood Mac,Tom Petty
Fleetwood Mac,Daryl Hall & John Oates
Fleetwood Mac,David Bowie
U2,R.E.M.
U2,The Police
U2,Tears For Fears
U2,Bruce Springsteen
U2,a-ha
U2,Bon Jovi
U2,The Rolling Stones
U2,Pearl Jam
U2,Eurythmics
The Strokes,Franz Ferdinand
The Strokes,MGMT
The Strokes,Cage The Elephant
The Strokes,The White Stripes
The Strokes,Blur
The Strokes,Pixies
The Strokes,The Smiths
Led Zeppelin,Jimi Hendrix
Led Zeppelin,The Who
Led Zeppelin,Lynyrd Skynyrd
Led Zeppelin,The Rolling Stones
Led Zeppelin,Pink Floyd
Led Zeppelin,Soundgarden
The Beatles,John Lennon
The Beatles,Paul McCartney
The Beatles,The Rolling Stones
The Beatles,Led Zeppelin
The Beatles,Jimi Hendrix
The Beatles,The Who
The Beatles,David Bowie
The Beatles,Pink Floyd
The Beatles,Elton John
The Beatles,The Police
The Killers,Kings of Leon
The Killers,Franz Ferdinand
The Killers,The Strokes
The Killers,Snow Patrol
The Killers,Muse
The Killers,The White Stripes
The Killers,MGMT
The Killers,Blur
The Killers,The Verve
The Killers,Foo Fighters
The Killers,Foster The People
Foo Fighters,Audioslave
Foo Fighters,Soundgarden
Foo Fighters,The Smashing Pumpkins
Foo Fighters,Stone Temple Pilots
Foo Fighters,Pearl Jam
Foo Fighters,Rage Against The Machine
Foo Fighters,Incubus
Foo Fighters,Red Hot Chili Peppers
Foo Fighters,The Offspring
Foo Fighters,Nirvana
Foo Fighters,The White Stripes
Foo Fighters,Weezer
Foo Fighters,blink-182
Foo Fighters,Green Day
The Cranberries,The Cardigans
The Cranberries,No Doubt
The Cranberries,R.E.M.
The Cranberries,4 Non Blondes
The Cranberries,The Verve
The Cranberries,The Smashing Pumpkins
The Rolling Stones,The Who
The Rolling Stones,Jimi Hendrix
The Rolling Stones,Led Zeppelin
The Rolling Stones,John Lennon
The Rolling Stones,Paul McCartney
The Rolling Stones,Creedence Clearwater Revival
The Rolling Stones,David Bowie
The Rolling Stones,The Police
The Rolling Stones,Lynyrd Skynyrd
Muse,Franz Ferdinand
Muse,The Killers
Muse,The White Stripes
Muse,Radiohead
Muse,Thirty Seconds To Mars
Muse,Blur
Muse,The Strokes
Muse,Kings of Leon
Muse,Foo Fighters
Muse,The Black Keys
Muse,Audioslave
Muse,Rage Against The Machine
Muse,System Of A Down
The Who,Jimi Hendrix
JVKE,d4vd
JVKE,Stephen Sanchez
JVKE,Alec Benjamin
JVKE,dhruv
JVKE,Conan Gray
JVKE,FIFTY FIFTY
JVKE,Nicky Youre
JVKE,Tate McRae
JVKE,Ruth B.
JVKE,Sabrina Carpenter
JVKE,Benson Boone
Steve Lacy,Hotel Ugly
Steve Lacy,PinkPantheress
Steve Lacy,Mac DeMarco
Steve Lacy,Faye Webster
Steve Lacy,Brent Faiyaz
Steve Lacy,"Tyler, The Creator"
Steve Lacy,Sonder
Steve Lacy,TV Girl
Steve Lacy,Kali Uchis
Steve Lacy,Frank Ocean
Steve Lacy,Clairo
Steve Lacy,Omar Apollo
Steve Lacy,Daniel Caesar
Central Cee,Dave
Central Cee,Pop Smoke
PinkPantheress,Faye Webster
PinkPantheress,Steve Lacy
PinkPantheress,beabadoobee
PinkPantheress,Ice Spice
PinkPantheress,Kali Uchis
PinkPantheress,TV Girl
PinkPantheress,Clairo
PinkPantheress,Mitski
PinkPantheress,Flo Milli
PinkPantheress,Kanii
PinkPantheress,Mac DeMarco
PinkPantheress,Laufey
Niall Horan,ZAYN
Niall Horan,5 Seconds of Summer
Niall Horan,One Direction
Niall Horan,Harry Styles
Niall Horan,Jonas Brothers
Niall Horan,Julia Michaels
Niall Horan,Hailee Steinfeld
Niall Horan,Shawn Mendes
Coi Leray,Kaliii
Coi Leray,Flo Milli
Coi Leray,Doechii
Coi Leray,Ice Spice
Anne-Marie,Bebe Rexha
Anne-Marie,Zara Larsson
Anne-Marie,Ava Max
Anne-Marie,Hailee Steinfeld
Anne-Marie,Ellie Goulding
Anne-Marie,Alessia Cara
Anne-Marie,Julia Michaels
Anne-Marie,Camila Cabello
Anne-Marie,Halsey
Anne-Marie,Meghan Trainor
Stephen Sanchez,New West
Stephen Sanchez,d4vd
Stephen Sanchez,The Walters
Stephen Sanchez,JVKE
Stephen Sanchez,Lizzy McAlpine
Stephen Sanchez,Benson Boone
Stephen Sanchez,Conan Gray
Stephen Sanchez,dhruv
Stephen Sanchez,Ruth B.
Stephen Sanchez,David Kushner
Stephen Sanchez,Lord Huron
Stephen Sanchez,Seafret
RAYE,cassö
RAYE,Becky Hill
RAYE,Jax Jones
RAYE,Joel Corry
RAYE,Nathan Dawe
RAYE,Regard
RAYE,Charli XCX
RAYE,Victoria Monét
RAYE,Coi Leray
RAYE,Elley Duhé
Ellie Goulding,Bebe Rexha
Ellie Goulding,Zara Larsson
Ellie Goulding,Anne-Marie
Ellie Goulding,Jessie J
Ellie Goulding,Kesha
Ellie Goulding,Zedd
Ellie Goulding,Hailee Steinfeld
Ellie Goulding,Alessia Cara
Ellie Goulding,Charli XCX
Ellie Goulding,Kelly Clarkson
Ellie Goulding,Halsey
Elton John,Daryl Hall & John Oates
Elton John,Paul McCartney
Elton John,Eagles
Elton John,John Lennon
Elton John,David Bowie
Elton John,Fleetwood Mac
Elton John,The Who
Elton John,TOTO
Oasis,The Verve
Oasis,Blur
Oasis,The Killers
Oasis,Keane
Oasis,Franz Ferdinand
Oasis,Radiohead
Oasis,Snow Patrol
Oasis,R.E.M.
Oasis,The Strokes
Meghan Trainor,Jessie J
Meghan Trainor,Bebe Rexha
Meghan Trainor,Kelly Clarkson
Meghan Trainor,Kesha
Meghan Trainor,Hailee Steinfeld
Meghan Trainor,Anne-Marie
Meghan Trainor,Alessia Cara
Meghan Trainor,Zara Larsson
Meghan Trainor,Katy Perry
Meghan Trainor,Jonas Brothers
Meghan Trainor,Britney Spears
Meghan Trainor,Camila Cabello
Corinne Bailey Rae,Ms. Lauryn Hill
Camila Cabello,Bebe Rexha
Camila Cabello,Anne-Marie
Camila Cabello,Selena Gomez
Camila Cabello,Shawn Mendes
Camila Cabello,Zara Larsson
Camila Cabello,Halsey
Camila Cabello,Hailee Steinfeld
Camila Cabello,Alessia Cara
Camila Cabello,Meghan Trainor
Camila Cabello,ZAYN
Camila Cabello,Dua Lipa
Camila Cabello,Selena Gomez & The Scene
Camila Cabello,Jonas Brothers
Camila Cabello,Charlie Puth
Camila Cabello,Ariana Grande
Dean Lewis,Lewis Capaldi
Dean Lewis,JP Saxe
Dean Lewis,Calum Scott
Dean Lewis,BANNERS
Dean Lewis,Alec Benjamin
Dean Lewis,Benson Boone
Dean Lewis,James Arthur
Dean Lewis,Tate McRae
Lil Nas X,24kGoldn
Lil Nas X,DaBaby
Lil Nas X,The Kid LAROI
Lil Nas X,Megan Thee Stallion
Lil Nas X,Jack Harlow
Lil Nas X,Doja Cat
Lil Nas X,Cardi B
Lil Nas X,Roddy Ricch
Lil Nas X,XXXTENTACION
Lil Nas X,Lil Tecca
Lil Nas X,Juice WRLD
Lil Nas X,blackbear
Lil Nas X,Post Malone
Lil Nas X,Marshmello
Lil Nas X,Travis Scott
Lil Nas X,Khalid
Lil Nas X,WILLOW
Tiësto,Dimitri Vegas & Like Mike
Tiësto,Alesso
Tiësto,R3HAB
Tiësto,Swedish House Mafia
Tiësto,Martin Garrix
Metro Boomin,21 Savage
Metro Boomin,Don Toliver
Metro Boomin,Gunna
Metro Boomin,Offset
Metro Boomin,Baby Keem
Metro Boomin,Young Thug
Metro Boomin,Future
Metro Boomin,Playboi Carti
Metro Boomin,Lil Uzi Vert
Metro Boomin,Travis Scott
Metro Boomin,Lil Yachty
Metro Boomin,Yeat
Metro Boomin,Lil Baby
Metro Boomin,Trippie Redd
Metro Boomin,A$AP Rocky
Metro Boomin,Tory Lanez
Britney Spears,Gwen Stefani
Britney Spears,Kesha
Britney Spears,Nelly Furtado
Britney Spears,Avril Lavigne
Britney Spears,Madonna
Britney Spears,Destiny's Child
Britney Spears,Kelly Clarkson
Britney Spears,*NSYNC
Britney Spears,Lady Gaga
Britney Spears,Katy Perry
Britney Spears,Black Eyed Peas
Chris Brown,T-Pain
Chris Brown,Ne-Yo
Chris Brown,USHER
Chris Brown,Jeremih
Chris Brown,DJ Khaled
Chris Brown,Tory Lanez
Chris Brown,Bryson Tiller
Chris Brown,Kehlani
Beyoncé,Destiny's Child
Beyoncé,Alicia Keys
Beyoncé,Rihanna
Beyoncé,Nicki Minaj
Beyoncé,Britney Spears
Beyoncé,Cardi B
Beyoncé,Justin Timberlake
Beyoncé,Megan Thee Stallion
Beyoncé,USHER
Beyoncé,Jessie J
Beyoncé,Mariah Carey
GAYLE,Dove Cameron
GAYLE,Elley Duhé
GAYLE,Ava Max
GAYLE,Tate McRae
GAYLE,Rosa Linn
GAYLE,Duncan Laurence
2Pac,The Notorious B.I.G.
2Pac,Ice Cube
2Pac,Dr. Dre
2Pac,Snoop Dogg
2Pac,50 Cent
2Pac,Mobb Deep
2Pac,Wu-Tang Clan
2Pac,The Game
2Pac,JAY-Z
Nicky Youre,Rosa Linn
Nicky Youre,Mae Stephens
Nicky Youre,Elley Duhé
Nicky Youre,GAYLE
SZA,Summer Walker
SZA,H.E.R.
SZA,Jhené Aiko
SZA,Brent Faiyaz
SZA,Kehlani
SZA,Kali Uchis
SZA,Daniel Caesar
SZA,Bryson Tiller
SZA,Frank Ocean
SZA,PARTYNEXTDOOR
SZA,Steve Lacy
SZA,Giveon
SZA,Megan Thee Stallion
SZA,PinkPantheress
SZA,"Tyler, The Creator"
SZA,Miguel
SZA,Doja Cat
SZA,Sonder
Regard,Imanbek
Regard,Joel Corry
Regard,MEDUZA
Regard,Riton
The Script,The Fray
The Script,Train
The Script,OneRepublic
The Script,Owl City
The Script,Snow Patrol
The Script,The Goo Goo Dolls
The Script,Jason Mraz
The Script,Plain White T's
The Script,Kodaline
The Script,American Authors
Ace of Base,Roxette
Dove Cameron,Sabrina Carpenter
CKay,Oxlade
CKay,Rema
CKay,Lojay
Miley Cyrus,Kesha
Miley Cyrus,Britney Spears
Miley Cyrus,Avril Lavigne
Miley Cyrus,Jonas Brothers
Miley Cyrus,Bebe Rexha
Miley Cyrus,Selena Gomez
Miley Cyrus,Meghan Trainor
Miley Cyrus,Kelly Clarkson
Miley Cyrus,Katy Perry
Miley Cyrus,Jessie J
Miley Cyrus,Lady Gaga
Miley Cyrus,Zara Larsson
Miley Cyrus,Selena Gomez & The Scene
Rema,Oxlade
Rema,Davido
Jaymes Young,BANNERS
Jaymes Young,Seafret
Jaymes Young,Kodaline
Jaymes Young,gnash
Elley Duhé,MEDUZA
Elley Duhé,Imanbek
Elley Duhé,Regard
Elley Duhé,Joel Corry
Elley Duhé,ACRAZE
Glass Animals,Cage The Elephant
Glass Animals,Portugal. The Man
Glass Animals,MGMT
Glass Animals,BØRNS
Glass Animals,GROUPLOVE
Glass Animals,Tame Impala
Toploader,New Radicals
Toploader,Wheatus
Toploader,Mark Ronson
ACRAZE,Öwnboss
ACRAZE,Imanbek
ACRAZE,Matt Sassari
ACRAZE,Shouse
ACRAZE,James Hype
ACRAZE,Riton
Jay Sean,Sean Kingston
Jay Sean,Taio Cruz
Jay Sean,Timbaland
Jay Sean,T-Pain
Jay Sean,Soulja Boy
d4vd,Steve Lacy
d4vd,Hotel Ugly
d4vd,beabadoobee
d4vd,Laufey
d4vd,The Walters
d4vd,TV Girl
d4vd,PinkPantheress
d4vd,Mac DeMarco
d4vd,New West
d4vd,Cigarettes After Sex
d4vd,Cafuné
d4vd,Montell Fish
d4vd,Joji
Taio Cruz,Jay Sean
Taio Cruz,Timbaland
Taio Cruz,Sean Kingston
Taio Cruz,Flo Rida
Taio Cruz,Pitbull
Taio Cruz,Gym Class Heroes
Taio Cruz,Mike Posner
Joel Corry,Nathan Dawe
Joel Corry,Becky Hill
Joel Corry,Jax Jones
Joel Corry,Imanbek
Joel Corry,ACRAZE
Joel Corry,Regard
Joel Corry,MEDUZA
Joel Corry,Riton
Fugees,Ms. Lauryn Hill
Fugees,Blackstreet
Fugees,Mary J. Blige
David Kushner,Chance Peña
David Kushner,Benson Boone
David Kushner,Noah Kahan
David Kushner,Montell Fish
David Kushner,Dean Lewis
David Kushner,Jessie Murph
David Kushner,Tate McRae
David Kushner,Matt Hansen
David Kushner,Tom Odell
David Kushner,Alec Benjamin
David Kushner,Hozier
Marshmello,The Chainsmokers
Marshmello,Alan Walker
Marshmello,DJ Snake
Marshmello,Martin Garrix
Marshmello,Zedd
Marshmello,Avicii
Marshmello,Anne-Marie
Marshmello,Bebe Rexha
Marshmello,Kygo
Marshmello,Shawn Mendes
Marshmello,Imagine Dragons
Marshmello,Khalid
Marshmello,Calvin Harris
Marshmello,Post Malone
Marshmello,Halsey
Marshmello,Camila Cabello
Libianca,Oxlade
Libianca,Lojay
Libianca,Rema
Libianca,Tyla
IVE,LE SSERAFIM
IVE,aespa
IVE,NewJeans
boygenius,Phoebe Bridgers
boygenius,Lizzy McAlpine
boygenius,Gracie Abrams
boygenius,Faye Webster
Bon Jovi,Aerosmith
Bon Jovi,Guns N' Roses
Bon Jovi,KISS
Bon Jovi,Journey
Bon Jovi,U2
Bon Jovi,The Police
BTS,j-hope
BTS,V
BTS,RM
BTS,Agust D
BTS,Jung Kook
BTS,TOMORROW X TOGETHER
BTS,Stray Kids
BTS,BLACKPINK
BTS,SEVENTEEN
BTS,ENHYPEN
BTS,Red Velvet
BTS,ATEEZ
LATIN MAFIA,Humbe
LATIN MAFIA,Rels B
LATIN MAFIA,Young Miko
LATIN MAFIA,Danny Ocean
LATIN MAFIA,Mora
LATIN MAFIA,Tainy
Humbe,LATIN MAFIA
Humbe,Kenia OS
Humbe,Danny Ocean
Humbe,Rels B
Humbe,Morat
Mike Posner,Gym Class Heroes
Mike Posner,Taio Cruz
Mike Posner,Jay Sean
Mike Posner,Sean Kingston
Mike Posner,Timbaland
Mike Posner,Soulja Boy
Mike Posner,T-Pain
Mr. Probz,Mike Posner
Mr. Probz,Regard
Kygo,Lost Frequencies
Kygo,Alesso
Kygo,Zedd
Kygo,Martin Garrix
Kygo,R3HAB
Kygo,Calvin Harris
Kygo,Avicii
Doechii,Flo Milli
Doechii,Kaliii
Doechii,Victoria Monét
Doechii,Amaarae
USHER,Ne-Yo
USHER,T-Pain
USHER,Ashanti
USHER,Nelly
USHER,Mary J. Blige
Mary J. Blige,Ashanti
Burna Boy,Davido
Burna Boy,Rema
Mark Morrison,Blackstreet
Timbaland,Nelly Furtado
Timbaland,Taio Cruz
Timbaland,Jay Sean
Timbaland,Sean Kingston
Timbaland,Nelly
Timbaland,Cassie
The Police,R.E.M.
The Police,Tears For Fears
The Police,U2
The Police,TOTO
The Police,The Who
The Police,Eurythmics
The Police,a-ha
The Goo Goo Dolls,Counting Crows
The Goo Goo Dolls,The Calling
AC/DC,KISS
AC/DC,Aerosmith
AC/DC,Guns N' Roses
AC/DC,Led Zeppelin
AC/DC,Lynyrd Skynyrd
KISS,Aerosmith
Bruce Springsteen,Tom Petty
Bruce Springsteen,R.E.M.
Bruce Springsteen,The Police
Maná,Juanes
Maná,Los Enanitos Verdes
Maná,Franco De Vita
Maná,Bacilos
Maná,Hombres G
Maná,Ricardo Arjona
Maná,Camila
Nirvana,The Smashing Pumpkins
Nirvana,Soundgarden
Nirvana,Foo Fighters
Nirvana,Pearl Jam
Nirvana,Rage Against The Machine
Nirvana,Radiohead
Nirvana,Red Hot Chili Peppers
Nirvana,Pixies
Nirvana,Green Day
Nirvana,System Of A Down
Nirvana,Stone Temple Pilots
Nirvana,Audioslave
Nirvana,Deftones
Nirvana,Led Zeppelin
Nirvana,Jimi Hendrix
Nirvana,The Offspring
Hombres G,Los Enanitos Verdes
Hombres G,Café Tacvba
Radiohead,Pixies
Radiohead,Blur
Radiohead,The Smiths
Radiohead,The Strokes
Radiohead,The Smashing Pumpkins
Radiohead,Deftones
Radiohead,Weezer
Pink Floyd,Led Zeppelin
Pink Floyd,Jimi Hendrix
Pink Floyd,The Who
Pink Floyd,The Rolling Stones
Pink Floyd,David Bowie
Pink Floyd,The Police
David Bowie,Talking Heads
David Bowie,The Who
David Bowie,Jimi Hendrix
David Bowie,The Police
David Bowie,Blur
David Bowie,Pixies
David Bowie,The Rolling Stones
Aerosmith,KISS
Aerosmith,Bon Jovi
Aerosmith,Guns N' Roses
Aerosmith,Lynyrd Skynyrd
Aerosmith,AC/DC
Zoé,León Larregui
Zoé,Café Tacvba
Zoé,Natalia Lafourcade
Flo Milli,Kaliii
Flo Milli,Doechii
Flo Milli,Sexyy Red
TV Girl,salvia palth
TV Girl,Mac DeMarco
TV Girl,Mitski
TV Girl,Faye Webster
TV Girl,Steve Lacy
TV Girl,beabadoobee
TV Girl,PinkPantheress
TV Girl,Clairo
Lil Mabu,NLE Choppa
Lil Mabu,Sleepy Hallow
Lil Mabu,Yeat
Aliyah's Interlude,Lay Bankz
Aliyah's Interlude,Britney Manson
Aliyah's Interlude,Flo Milli
Aliyah's Interlude,juju<3
Aliyah's Interlude,6arelyhuman
Aliyah's Interlude,Doechii
Britney Manson,6arelyhuman
Britney Manson,Aliyah's Interlude
Britney Manson,Lumi Athena
Britney Manson,SUICIDAL-IDOL
SUICIDAL-IDOL,akiaura
SUICIDAL-IDOL,Britney Manson
A$AP Rocky,Young Thug
A$AP Rocky,Chief Keef
A$AP Rocky,Lil Yachty
A$AP Rocky,Baby Keem
A$AP Rocky,Playboi Carti
A$AP Rocky,Migos
A$AP Rocky,Don Toliver
A$AP Rocky,Kendrick Lamar
Lay Bankz,Aliyah's Interlude
Lay Bankz,Kaliii
Lay Bankz,Kanii
Lay Bankz,Sexyy Red
Lay Bankz,Flo Milli
G-Eazy,Wiz Khalifa
G-Eazy,blackbear
G-Eazy,Russ
G-Eazy,Fetty Wap
G-Eazy,French Montana
Frizk,ZWE1HVNDXR
Frizk,xxanteria
JID,Baby Keem
Amaarae,Doechii
Amaarae,Victoria Monét
BABYMONSTER,JISOO
Artemas,Montell Fish
Artemas,Isabel LaRosa
Artemas,Kenya Grace
Artemas,Dominic Fike
Artemas,Cleffy
Keyshia Cole,Ashanti
Wheatus,Smash Mouth
Wheatus,Jimmy Eat World
Wheatus,Weezer
Wheatus,Jet
Green Day,blink-182
Green Day,The Offspring
Green Day,My Chemical Romance
Green Day,Fall Out Boy
Green Day,Foo Fighters
Green Day,Nirvana
Green Day,Jimmy Eat World
Green Day,Weezer
Green Day,Red Hot Chili Peppers
Green Day,System Of A Down
Green Day,Linkin Park
Green Day,The Smashing Pumpkins
Mitski,TV Girl
Mitski,beabadoobee
Mitski,Faye Webster
Mitski,Clairo
Mitski,Laufey
Mitski,girl in red
Mitski,Phoebe Bridgers
Ice Spice,Sexyy Red
Ice Spice,PinkPantheress
Ice Spice,Kaliii
Ice Spice,Flo Milli
Ice Spice,Coi Leray
Ice Spice,Megan Thee Stallion
Ice Spice,Nicki Minaj
Ice Spice,Lay Bankz
Ice Spice,SZA
Ice Spice,Kali Uchis
Ice Spice,Lil Mabu
Ice Spice,Doechii
Ice Spice,Steve Lacy
Ice Spice,Cardi B
Kanii,Lumi Athena
Kanii,xxanteria
Dominic Fike,Omar Apollo
Dominic Fike,Bakar
Dominic Fike,Wallows
Dominic Fike,Steve Lacy
Dominic Fike,WILLOW
Megan Thee Stallion,Cardi B
Megan Thee Stallion,Flo Milli
Megan Thee Stallion,Summer Walker
Megan Thee Stallion,Nicki Minaj
Megan Thee Stallion,Kehlani
Megan Thee Stallion,H.E.R.
Megan Thee Stallion,Jhené Aiko
Gunna,Young Thug
Gunna,Offset
Gunna,Don Toliver
Gunna,Lil Durk
Gunna,Lil Baby
Gunna,Kodak Black
Gunna,Future
Gunna,Metro Boomin
Gunna,Lil Yachty
Gunna,21 Savage
Gunna,Quality Control
Gunna,Roddy Ricch
Memphis Cult,ZWE1HVNDXR
juju<3,Rio Romeo
juju<3,Aliyah's Interlude
juju<3,salvia palth
juju<3,Vundabar
juju<3,Britney Manson
juju<3,SUICIDAL-IDOL
Videoclub,Wallows
Lil Yachty,Kodak Black
Lil Yachty,Trippie Redd
Lil Yachty,Young Thug
Lil Yachty,Sheck Wes
Lil Yachty,Chief Keef
Lil Yachty,Offset
Lil Yachty,Lil Uzi Vert
Lil Yachty,Migos
Odetari,Lumi Athena
Odetari,6arelyhuman
Odetari,Kanii
Odetari,Britney Manson
Odetari,xxanteria
VØJ,glichery
VØJ,SCXR SOUL
VØJ,MoonDeity
VØJ,INTERWORLD
VØJ,DVRST
Playboi Carti,Ken Carson
Playboi Carti,Yeat
Playboi Carti,Baby Keem
Playboi Carti,Lil Uzi Vert
Playboi Carti,Chief Keef
Playboi Carti,Trippie Redd
Playboi Carti,Lil Yachty
Playboi Carti,Don Toliver
Playboi Carti,Metro Boomin
Playboi Carti,Gunna
Playboi Carti,Young Thug
Playboi Carti,21 Savage
Montell Fish,Sonder
Montell Fish,salvia palth
Montell Fish,Steve Lacy
Montell Fish,Hotel Ugly
Montell Fish,Brent Faiyaz
Montell Fish,Dominic Fike
Montell Fish,Faye Webster
Montell Fish,Omar Apollo
Montell Fish,Isabel LaRosa
Montell Fish,Artemas
Montell Fish,TV Girl
Montell Fish,d4vd
Laufey,beabadoobee
Laufey,Faye Webster
Laufey,wave to earth
Laufey,Mitski
Laufey,Clairo
Laufey,TV Girl
Laufey,PinkPantheress
Laufey,d4vd
Laufey,Mac DeMarco
Laufey,Steve Lacy
Yeat,Ken Carson
Yeat,Playboi Carti
Yeat,Chief Keef
Yeat,Baby Keem
Yeat,Lil Uzi Vert
Yeat,Lil Tecca
Arctic Monkeys,The Neighbourhood
Arctic Monkeys,The Strokes
Arctic Monkeys,Cigarettes After Sex
Arctic Monkeys,Cage The Elephant
Arctic Monkeys,Tame Impala
Arctic Monkeys,The Smiths
Arctic Monkeys,girl in red
Arctic Monkeys,Mitski
Arctic Monkeys,Lana Del Rey
Arctic Monkeys,TV Girl
Arctic Monkeys,Gorillaz
Arctic Monkeys,Mac DeMarco
Arctic Monkeys,Radiohead
Arctic Monkeys,Nirvana
Arctic Monkeys,Conan Gray
Arctic Monkeys,Clairo
The Neighbourhood,girl in red
The Neighbourhood,TV Girl
The Neighbourhood,Arctic Monkeys
The Neighbourhood,Cigarettes After Sex
The Neighbourhood,Conan Gray
The Neighbourhood,Mitski
The Neighbourhood,Clairo
The Neighbourhood,Wallows
The Neighbourhood,Lana Del Rey
The Neighbourhood,Beach Weather
The Neighbourhood,Mac DeMarco
The Neighbourhood,Steve Lacy
The Neighbourhood,Cage The Elephant
The Neighbourhood,The 1975
blackbear,gnash
blackbear,G-Eazy
blackbear,Alec Benjamin
blackbear,NF
blackbear,Russ
"Tyler, The Creator",Steve Lacy
"Tyler, The Creator",Frank Ocean
"Tyler, The Creator",Childish Gambino
"Tyler, The Creator",MF DOOM
"Tyler, The Creator",Baby Keem
"Tyler, The Creator",Mac DeMarco
"Tyler, The Creator",Brent Faiyaz
"Tyler, The Creator",Playboi Carti
"Tyler, The Creator",A$AP Rocky
"Tyler, The Creator",Mac Miller
"Tyler, The Creator",Kali Uchis
"Tyler, The Creator",Kendrick Lamar
"Tyler, The Creator",PinkPantheress
"Tyler, The Creator",Kanye West
"Tyler, The Creator",TV Girl
J. Cole,Kendrick Lamar
J. Cole,A$AP Rocky
J. Cole,Meek Mill
J. Cole,21 Savage
J. Cole,Future
J. Cole,Bryson Tiller
J. Cole,Baby Keem
J. Cole,Young Thug
J. Cole,Tory Lanez
J. Cole,JID
J. Cole,Migos
J. Cole,Kodak Black
J. Cole,Brent Faiyaz
Conan Gray,girl in red
Conan Gray,Clairo
Conan Gray,Gracie Abrams
Conan Gray,Wallows
Conan Gray,beabadoobee
Conan Gray,Mitski
Conan Gray,The Neighbourhood
Conan Gray,Sabrina Carpenter
Conan Gray,Alec Benjamin
Conan Gray,Troye Sivan
Conan Gray,Olivia Rodrigo
Kanye West,JAY-Z
Kanye West,Kendrick Lamar
Kanye West,A$AP Rocky
Kanye West,"Tyler, The Creator"
Kanye West,Baby Keem
Kanye West,Playboi Carti
Kanye West,Frank Ocean
Kanye West,J. Cole
Kanye West,Metro Boomin
Kanye West,21 Savage
Kanye West,Childish Gambino
Kanye West,Travis Scott
Kanye West,Future
Kanye West,Lil Uzi Vert
Kanye West,Mac Miller
Kanye West,MF DOOM
Kanye West,Young Thug
Miguel,Jhené Aiko
Miguel,Jeremih
Miguel,Bryson Tiller
Miguel,PARTYNEXTDOOR
Miguel,H.E.R.
Miguel,Sonder
girl in red,Clairo
girl in red,Conan Gray
girl in red,Mitski
girl in red,Wallows
girl in red,beabadoobee
girl in red,TV Girl
girl in red,The Neighbourhood
girl in red,Phoebe Bridgers
girl in red,salvia palth
Lizzy McAlpine,Gracie Abrams
Lizzy McAlpine,boygenius
Lizzy McAlpine,Phoebe Bridgers
Lizzy McAlpine,Noah Kahan
Bryson Tiller,PARTYNEXTDOOR
Bryson Tiller,Tory Lanez
Bryson Tiller,Jhené Aiko
Bryson Tiller,Summer Walker
Bryson Tiller,Jeremih
Bryson Tiller,Brent Faiyaz
Bryson Tiller,Miguel
Bryson Tiller,Sonder
Bryson Tiller,H.E.R.
Bryson Tiller,Kehlani
Lah Pat,Flo Milli
Lah Pat,Lay Bankz
Lah Pat,Kaliii
Lah Pat,Kanii
Lah Pat,Doechii
Meek Mill,French Montana
Meek Mill,Gucci Mane
Meek Mill,Mustard
Lil Baby,Lil Durk
Lil Baby,Gunna
Lil Baby,Polo G
Lil Baby,Roddy Ricch
Lil Baby,Kodak Black
Lil Baby,Young Thug
Lil Baby,DaBaby
Lil Baby,NLE Choppa
Lil Baby,Offset
Lil Baby,A Boogie Wit da Hoodie
Lil Baby,Rod Wave
Lil Baby,Future
Lil Baby,21 Savage
Lil Baby,YNW Melly
Lil Baby,Lil Tecca
Summer Walker,Jhené Aiko
Summer Walker,H.E.R.
Summer Walker,Kehlani
Summer Walker,Bryson Tiller
Summer Walker,PARTYNEXTDOOR
Summer Walker,Brent Faiyaz
Summer Walker,Sonder
Summer Walker,Giveon
Migos,Offset
Migos,Gucci Mane
Migos,Young Thug
Migos,Kodak Black
Migos,Lil Yachty
Migos,Quality Control
Migos,Meek Mill
Migos,Gunna
Lewis Capaldi,Dean Lewis
Lewis Capaldi,Calum Scott
Lewis Capaldi,James Arthur
Lewis Capaldi,Sam Smith
Lewis Capaldi,Niall Horan
Lewis Capaldi,Alec Benjamin
Lewis Capaldi,Tate McRae
Lewis Capaldi,5 Seconds of Summer
Lewis Capaldi,Anne-Marie
Lewis Capaldi,Shawn Mendes
Lewis Capaldi,Julia Michaels
Lewis Capaldi,George Ezra
Lewis Capaldi,JP Saxe
Lewis Capaldi,Jonas Brothers
Lewis Capaldi,Harry Styles
Rosa Linn,Nicky Youre
Rosa Linn,Elley Duhé
Rosa Linn,Duncan Laurence
Rosa Linn,GAYLE
Rosa Linn,Benson Boone
Rosa Linn,Stephen Sanchez
Rosa Linn,Ruth B.
Rosa Linn,Seafret
Rosa Linn,Jaymes Young
Rosa Linn,Mae Stephens
Rosa Linn,Tom Odell
Rosa Linn,Ava Max
Rosa Linn,Tate McRae
Vance Joy,The Lumineers
Vance Joy,Hozier
Vance Joy,George Ezra
Vance Joy,Kodaline
Vance Joy,Passenger
Vance Joy,Lord Huron
Vance Joy,The Paper Kites
Vance Joy,GROUPLOVE
Vance Joy,WALK THE MOON
Peso Pluma,Grupo Frontera
Peso Pluma,Eslabon Armado
Tears For Fears,a-ha
Tears For Fears,The Human League
Tears For Fears,Eurythmics
Lord Huron,The Paper Kites
Lord Huron,The Lumineers
Lord Huron,Vance Joy
Lord Huron,Hozier
Macklemore & Ryan Lewis,Mike Posner
Macklemore & Ryan Lewis,Gym Class Heroes
Macklemore & Ryan Lewis,Capital Cities
Macklemore & Ryan Lewis,Flo Rida
Macklemore & Ryan Lewis,Pharrell Williams
Cigarettes After Sex,TV Girl
Cigarettes After Sex,Clairo
Cigarettes After Sex,Mac DeMarco
Cigarettes After Sex,The Neighbourhood
Cigarettes After Sex,Mitski
Cigarettes After Sex,beabadoobee
Cigarettes After Sex,girl in red
Cigarettes After Sex,salvia palth
Cigarettes After Sex,The Smiths
Cigarettes After Sex,Beach House
Cigarettes After Sex,Conan Gray
Cigarettes After Sex,Arctic Monkeys
Cigarettes After Sex,Steve Lacy
Cigarettes After Sex,Faye Webster
Tory Lanez,Bryson Tiller
Tory Lanez,PARTYNEXTDOOR
Tory Lanez,Meek Mill
Tory Lanez,Jeremih
Tory Lanez,French Montana
Tory Lanez,Don Toliver
Tory Lanez,Mustard
Tory Lanez,A Boogie Wit da Hoodie
Tory Lanez,Offset
Tory Lanez,Young Thug
Hotel Ugly,Steve Lacy
Hotel Ugly,Faye Webster
Hotel Ugly,Montell Fish
Hotel Ugly,Sonder
Hotel Ugly,d4vd
Hotel Ugly,Omar Apollo
Hotel Ugly,Mac DeMarco
Keane,Snow Patrol
Keane,The Verve
Keane,The Killers
Keane,Franz Ferdinand
Keane,Oasis
Keane,Blur
Keane,Muse
Keane,Kings of Leon
Keane,James Blunt
Zach Bryan,Bailey Zimmerman
Zach Bryan,Morgan Wallen
Zach Bryan,Noah Kahan
Zach Bryan,Luke Combs
INTERWORLD,ONIMXRU
INTERWORLD,glichery
INTERWORLD,MoonDeity
INTERWORLD,Kordhell
INTERWORLD,DVRST
INTERWORLD,SCXR SOUL
INTERWORLD,VØJ
INTERWORLD,g3ox_em
INTERWORLD,MUPP
Hozier,Vance Joy
Hozier,The Lumineers
Hozier,Noah Kahan
Hozier,Lord Huron
Hozier,Phoebe Bridgers
Hozier,Florence + The Machine
Hozier,Lorde
Hozier,George Ezra
Hozier,Cage The Elephant
Hozier,Kodaline
Hozier,boygenius
Mora,Saiko
Mora,Jhayco
Mora,Eladio Carrion
Mora,Quevedo
Mora,Tainy
Mora,Feid
Mora,Dei V
Mora,Myke Towers
Mora,Young Miko
Mora,Rauw Alejandro
Mora,Rels B
Mora,Jay Wheeler
Mora,Arcángel
Mora,Duki
a-ha,Eurythmics
a-ha,Tears For Fears
a-ha,The Human League
Don Omar,Wisin & Yandel
Don Omar,Zion & Lennox
Don Omar,Farruko
Don Omar,Arcángel
LISA,JENNIE
LISA,JISOO
LISA,JISOO
LISA,aespa
LISA,BABYMONSTER
LISA,(G)I-DLE
LISA,IVE
Linkin Park,System Of A Down
Linkin Park,Green Day
Linkin Park,3 Doors Down
Linkin Park,Hoobastank
Linkin Park,The Offspring
Linkin Park,Evanescence
Linkin Park,blink-182
Linkin Park,Nickelback
Luke Combs,Morgan Wallen
Luke Combs,Dan + Shay
Morgan Wallen,Bailey Zimmerman
Morgan Wallen,Luke Combs
Morgan Wallen,Zach Bryan
BØRNS,GROUPLOVE
BØRNS,Cage The Elephant
BØRNS,Vance Joy
BØRNS,Foster The People
BØRNS,Wallows
BØRNS,Lord Huron
Mae Stephens,Nicky Youre
Mae Stephens,GAYLE
Mae Stephens,Doechii
Mae Stephens,Rosa Linn
Mae Stephens,Coi Leray
BANNERS,Jaymes Young
BANNERS,Seafret
BANNERS,Kodaline
BANNERS,American Authors
BANNERS,Dean Lewis
BANNERS,JP Saxe
BANNERS,Vance Joy
Lady Gaga,Britney Spears
Lady Gaga,Katy Perry
Lady Gaga,Kesha
Lady Gaga,P!nk
Lady Gaga,Miley Cyrus
Lady Gaga,Sia
Lady Gaga,Madonna
Lady Gaga,Gwen Stefani
Lady Gaga,Avril Lavigne
Lady Gaga,Ellie Goulding
Lady Gaga,Jessie J
Lady Gaga,Kelly Clarkson
Lady Gaga,Beyoncé
Lady Gaga,Rihanna
Lady Gaga,Bebe Rexha
Lady Gaga,Dua Lipa
Whitney Houston,Mariah Carey
Whitney Houston,Cher
Whitney Houston,TLC
Whitney Houston,Mary J. Blige
Whitney Houston,Destiny's Child
Madonna,Cher
Madonna,Gwen Stefani
Madonna,Nelly Furtado
Madonna,Britney Spears
Madonna,Eurythmics
Madonna,Wham!
Soulja Boy,Waka Flocka Flame
Soulja Boy,T-Pain
Soulja Boy,Sean Kingston
JAY-Z,The Notorious B.I.G.
JAY-Z,Fat Joe
JAY-Z,Outkast
JAY-Z,The Game
JAY-Z,Kanye West
JAY-Z,Mobb Deep
JAY-Z,Dr. Dre
The Game,Fat Joe
Outkast,Wu-Tang Clan
Outkast,Fugees
Outkast,Mobb Deep
50 Cent,Dr. Dre
50 Cent,The Game
50 Cent,Snoop Dogg
50 Cent,Ice Cube
50 Cent,The Notorious B.I.G.
50 Cent,2Pac
50 Cent,Fat Joe
50 Cent,JAY-Z
Nelly,T-Pain
Nelly,Sean Kingston
Nelly,Akon
Nelly,Soulja Boy
Nelly,Fat Joe
Nelly,Timbaland
Nelly,Ashanti
Snoop Dogg,Dr. Dre
Snoop Dogg,Ice Cube
Snoop Dogg,The Notorious B.I.G.
Snoop Dogg,50 Cent
Snoop Dogg,2Pac
Snoop Dogg,Wiz Khalifa
Snoop Dogg,The Game
Snoop Dogg,Wu-Tang Clan
Snoop Dogg,Mobb Deep
Snoop Dogg,JAY-Z
Mac Miller,Frank Ocean
Mac Miller,Childish Gambino
Mac Miller,"Tyler, The Creator"
Mac Miller,A$AP Rocky
Mac Miller,Kendrick Lamar
Mac Miller,Steve Lacy
Mac Miller,Baby Keem
Mac Miller,J. Cole
Mac Miller,JID
Clovis Reyes,xxanteria
Clovis Reyes,LXNGVX
Clovis Reyes,akiaura
Lumi Athena,6arelyhuman
Lumi Athena,Odetari
Lumi Athena,xxanteria
Lumi Athena,Kanii
6arelyhuman,Lumi Athena
6arelyhuman,Odetari
6arelyhuman,Britney Manson
ZWE1HVNDXR,xxanteria
ZWE1HVNDXR,LXNGVX
ZWE1HVNDXR,Memphis Cult
ZWE1HVNDXR,Clovis Reyes
ZWE1HVNDXR,6YNTHMANE
ZWE1HVNDXR,Frizk
ZWE1HVNDXR,NXVAMANE
ZWE1HVNDXR,S3BZS
ZWE1HVNDXR,VØJ
ZWE1HVNDXR,ONIMXRU
akiaura,Clovis Reyes
akiaura,SUICIDAL-IDOL
Myke Towers,Jhayco
Myke Towers,Mora
Myke Towers,Eladio Carrion
Myke Towers,Quevedo
Myke Towers,Rauw Alejandro
Myke Towers,Jay Wheeler
Myke Towers,Saiko
Myke Towers,Feid
Myke Towers,Arcángel
Myke Towers,Tainy
Quevedo,Saiko
Quevedo,Mora
Quevedo,Myke Towers
Quevedo,Feid
Quevedo,Jhayco
Quevedo,Eladio Carrion
Quevedo,Duki
Quevedo,Bizarrap
Quevedo,Milo j
Quevedo,Emilia
Quevedo,Young Miko
Quevedo,Tainy
Quevedo,Rauw Alejandro
Quevedo,Maria Becerra
Yng Lvcas,Ryan Castro
Yng Lvcas,Eslabon Armado
Yng Lvcas,Grupo Frontera
KAROL G,Becky G
KAROL G,Manuel Turizo
KAROL G,Rauw Alejandro
KAROL G,Sebastian Yatra
KAROL G,Ozuna
KAROL G,Maluma
KAROL G,Feid
KAROL G,J Balvin
KAROL G,Daddy Yankee
KAROL G,Anuel AA
KAROL G,Farruko
KAROL G,Piso 21
KAROL G,Bad Bunny
Bizarrap,Trueno
Bizarrap,Duki
Bizarrap,LIT killah
Bizarrap,Milo j
Bizarrap,Quevedo
Bizarrap,Eladio Carrion
Bizarrap,Maria Becerra
Bizarrap,Emilia
Anuel AA,Myke Towers
Anuel AA,Arcángel
Anuel AA,Eladio Carrion
Anuel AA,Jhayco
Anuel AA,Ozuna
Anuel AA,Rauw Alejandro
Anuel AA,Farruko
Anuel AA,Mora
Ryan Castro,Feid
Ryan Castro,Arcángel
Ryan Castro,Jhayco
Ryan Castro,Young Miko
Grupo Frontera,Carin Leon
Grupo Frontera,Peso Pluma
ROSALÍA,Becky G
ROSALÍA,Rauw Alejandro
ROSALÍA,KAROL G
ROSALÍA,J Balvin
ROSALÍA,TINI
ROSALÍA,Quevedo
ROSALÍA,Manuel Turizo
LIT killah,Trueno
LIT killah,Duki
LIT killah,Emilia
Rels B,LATIN MAFIA
Rels B,Mora
Rels B,Eladio Carrion
Rels B,Feid
Rels B,Jhayco
Maria Becerra,Emilia
Maria Becerra,TINI
Maria Becerra,LIT killah
Maria Becerra,Duki
Enrique Iglesias,Luis Fonsi
Enrique Iglesias,Pitbull
Enrique Iglesias,Juanes
Enrique Iglesias,Shakira
Enrique Iglesias,Camila
Enrique Iglesias,Carlos Baute
Enrique Iglesias,Taio Cruz
Enrique Iglesias,Flo Rida
Rauw Alejandro,Myke Towers
Rauw Alejandro,Jhayco
Rauw Alejandro,Mora
Rauw Alejandro,Feid
Rauw Alejandro,Tainy
Rauw Alejandro,Quevedo
Rauw Alejandro,Jay Wheeler
Rauw Alejandro,Arcángel
Rauw Alejandro,Eladio Carrion
Rauw Alejandro,Anuel AA
Rauw Alejandro,Manuel Turizo
Rauw Alejandro,Ozuna
Rauw Alejandro,Young Miko
Feid,Mora
Feid,Ryan Castro
Feid,Quevedo
Feid,Jhayco
Feid,Saiko
Feid,Myke Towers
Feid,Young Miko
Feid,Eladio Carrion
Feid,Tainy
Feid,Rauw Alejandro
Feid,Arcángel
Feid,Rels B
Feid,Jay Wheeler
Feid,Anuel AA
Wisin & Yandel,Zion & Lennox
Wisin & Yandel,Don Omar
Aventura,Wisin & Yandel
Aventura,Don Omar
Aventura,Zion & Lennox
Aventura,Camila
Piso 21,Danny Ocean
Piso 21,Manuel Turizo
Piso 21,Zion & Lennox
Piso 21,Sebastian Yatra
Piso 21,Reik
Maluma,J Balvin
Maluma,Piso 21
Maluma,Farruko
Maluma,Manuel Turizo
Maluma,Sebastian Yatra
Maluma,Ozuna
Maluma,Daddy Yankee
Maluma,Zion & Lennox
Maluma,Wisin & Yandel
Maluma,Becky G
Emilia,Maria Becerra
Emilia,TINI
Emilia,LIT killah
Emilia,Duki
Becky G,Piso 21
Becky G,Sebastian Yatra
Becky G,Manuel Turizo
Becky G,KAROL G
Becky G,Farruko
JENNIE,JISOO
JENNIE,LISA
JENNIE,JISOO
JENNIE,BABYMONSTER
JENNIE,aespa
JENNIE,(G)I-DLE
JENNIE,IVE
LE SSERAFIM,IVE
LE SSERAFIM,aespa
LE SSERAFIM,NewJeans
LE SSERAFIM,(G)I-DLE
Stray Kids,ATEEZ
Stray Kids,TOMORROW X TOGETHER
Stray Kids,ENHYPEN
Stray Kids,SEVENTEEN
Stray Kids,(G)I-DLE
Stray Kids,LE SSERAFIM
Stray Kids,TAEMIN
aespa,IVE
aespa,LE SSERAFIM
aespa,Red Velvet
NewJeans,LE SSERAFIM
NewJeans,IVE
NewJeans,aespa
NewJeans,(G)I-DLE
NewJeans,FIFTY FIFTY
NewJeans,ENHYPEN
NewJeans,TOMORROW X TOGETHER
NewJeans,Red Velvet
BLACKPINK,JENNIE
BLACKPINK,LISA
BLACKPINK,(G)I-DLE
BLACKPINK,Red Velvet
BLACKPINK,JISOO
BLACKPINK,aespa
BLACKPINK,Stray Kids
BLACKPINK,BTS
BLACKPINK,IVE
BLACKPINK,LE SSERAFIM
BLACKPINK,NewJeans
BLACKPINK,TOMORROW X TOGETHER
(G)I-DLE,IVE
(G)I-DLE,LE SSERAFIM
(G)I-DLE,aespa
(G)I-DLE,Red Velvet
ENHYPEN,TOMORROW X TOGETHER
ENHYPEN,ATEEZ
ENHYPEN,LE SSERAFIM
ENHYPEN,SEVENTEEN
ENHYPEN,Stray Kids
ENHYPEN,IVE
ENHYPEN,aespa
JISOO,JENNIE
JISOO,LISA
JISOO,BABYMONSTER
JISOO,FIFTY FIFTY
JISOO,IVE
JISOO,LE SSERAFIM
Blur,The Verve
Blur,Franz Ferdinand
Blur,Pixies
Jimi Hendrix,The Who
Jimi Hendrix,Led Zeppelin
Jimi Hendrix,The Rolling Stones
Jimi Hendrix,Lynyrd Skynyrd
21 Savage,Metro Boomin
21 Savage,Gunna
21 Savage,Young Thug
21 Savage,Future
21 Savage,Offset
21 Savage,Lil Yachty
21 Savage,Kodak Black
21 Savage,Lil Uzi Vert
21 Savage,Playboi Carti
21 Savage,Migos
21 Savage,Lil Baby
21 Savage,Don Toliver
21 Savage,Baby Keem
21 Savage,Trippie Redd
21 Savage,Lil Durk
21 Savage,Chief Keef
21 Savage,A Boogie Wit da Hoodie
21 Savage,Travis Scott
21 Savage,Lil Tecca
Offset,Quality Control
Offset,Gucci Mane
Offset,Sheck Wes
Offset,Gunna
Offset,Migos
Offset,Young Thug
Offset,Mustard
Offset,Kodak Black
Offset,Don Toliver
Offset,Lil Yachty
Jazzy,Hannah Laing
Jazzy,Nathan Dawe
Jazzy,Sonny Fodera
Jazzy,Billy Gillies
Sonny Fodera,Jazzy
Sonny Fodera,John Summit
Hannah Laing,Jazzy
Hannah Laing,Billy Gillies
Hannah Laing,Sonny Fodera
4 Non Blondes,The Cranberries
4 Non Blondes,No Doubt
4 Non Blondes,New Radicals
4 Non Blondes,The Cardigans
Kaliii,Sexyy Red
Kaliii,Flo Milli
ATEEZ,TAEMIN
SEVENTEEN,ATEEZ
SEVENTEEN,TOMORROW X TOGETHER
SEVENTEEN,ENHYPEN
SEVENTEEN,TAEMIN
wave to earth,Laufey
wave to earth,beabadoobee
wave to earth,NIKI
AKMU,LeeHi
V,RM
V,j-hope
V,Agust D
V,Jung Kook
V,TOMORROW X TOGETHER
V,BTS
V,ENHYPEN
V,Stray Kids
V,ATEEZ
V,SEVENTEEN
V,JENNIE
Cardi B,Megan Thee Stallion
Cardi B,Nicki Minaj
Cardi B,Kehlani
Cardi B,Doja Cat
Cardi B,Beyoncé
Cardi B,H.E.R.
Cardi B,Summer Walker
Cardi B,Jhené Aiko
Gazo,Tiakola
Gazo,SDM
Gazo,Favé
Gazo,Werenoi
Favé,Tiakola
Favé,SDM
Favé,Werenoi
Werenoi,SDM
Werenoi,Favé
Werenoi,Tiakola
Werenoi,Gazo
Dave,Central Cee
SDM,Werenoi
SDM,Tiakola
SDM,Gazo
SDM,Favé
James Blunt,Robbie Williams
James Blunt,Snow Patrol
James Blunt,Passenger
James Blunt,Jason Mraz
James Blunt,The Fray
James Blunt,Keane
James Blunt,The Script
James Blunt,The Calling
James Blunt,Train
Evanescence,Thirty Seconds To Mars
Nelly Furtado,Timbaland
Nelly Furtado,Gwen Stefani
Nelly Furtado,No Doubt
Nelly Furtado,Black Eyed Peas
Nelly Furtado,Destiny's Child
Nelly Furtado,Leona Lewis
Gorillaz,MGMT
Gorillaz,Blur
Gorillaz,The Strokes
Gorillaz,Tame Impala
Gorillaz,Daft Punk
Gorillaz,Radiohead
Gorillaz,The White Stripes
Gorillaz,Cage The Elephant
Gorillaz,Pixies
Gorillaz,Nirvana
Gorillaz,Weezer
Gorillaz,Franz Ferdinand
Gorillaz,System Of A Down
Gorillaz,Mac DeMarco
Gorillaz,The Smiths
Gorillaz,Foster The People
Gorillaz,Deftones
Alicia Keys,Mary J. Blige
Alicia Keys,Destiny's Child
Alicia Keys,Ashanti
Alicia Keys,TLC
Alicia Keys,Keyshia Cole
Alicia Keys,John Legend
Alicia Keys,Leona Lewis
Alicia Keys,Gwen Stefani
Alicia Keys,Ne-Yo
Alicia Keys,Beyoncé
Black Eyed Peas,Timbaland
Black Eyed Peas,Nelly Furtado
Black Eyed Peas,Gwen Stefani
Black Eyed Peas,Flo Rida
Black Eyed Peas,Justin Timberlake
Black Eyed Peas,Taio Cruz
Black Eyed Peas,Pitbull
Black Eyed Peas,Pharrell Williams
Black Eyed Peas,Sean Kingston
Black Eyed Peas,Britney Spears
3 Doors Down,Hoobastank
3 Doors Down,Nickelback
The Calling,The Goo Goo Dolls
The Calling,Hoobastank
The Calling,3 Doors Down
The Calling,The Fray
The Fray,The Goo Goo Dolls
The Fray,Plain White T's
The Fray,Train
The Fray,The Script
The Fray,The Calling
The Fray,Snow Patrol
The Fray,3 Doors Down
The Fray,Hoobastank
Franz Ferdinand,The White Stripes
Franz Ferdinand,Blur
Franz Ferdinand,The Strokes
Franz Ferdinand,Jet
Avril Lavigne,Kesha
Avril Lavigne,Kelly Clarkson
Avril Lavigne,Britney Spears
Avril Lavigne,Gwen Stefani
Avril Lavigne,Nelly Furtado
Avril Lavigne,Jessie J
Avril Lavigne,P!nk
Avril Lavigne,Miley Cyrus
Ne-Yo,T-Pain
Ne-Yo,USHER
Ne-Yo,Sean Kingston
Ne-Yo,Jay Sean
Ne-Yo,Ashanti
Ne-Yo,Nelly
Ne-Yo,Keyshia Cole
Ne-Yo,Timbaland
My Chemical Romance,Fall Out Boy
My Chemical Romance,blink-182
My Chemical Romance,Green Day
Plain White T's,Jimmy Eat World
Sean Kingston,Jay Sean
Sean Kingston,Soulja Boy
Sean Kingston,T-Pain
Sean Kingston,Taio Cruz
Sean Kingston,Akon
Sean Kingston,Nelly
Sean Kingston,Timbaland
Sean Kingston,Ne-Yo
Audioslave,Soundgarden
Audioslave,Stone Temple Pilots
Audioslave,Incubus
Audioslave,Rage Against The Machine
Audioslave,Pearl Jam
Audioslave,The Smashing Pumpkins
Owl City,Plain White T's
Owl City,Train
Owl City,The Script
Owl City,The Fray
Owl City,American Authors
Owl City,WALK THE MOON
Owl City,Gym Class Heroes
Isabel LaRosa,Beach Weather
Isabel LaRosa,6arelyhuman
Isabel LaRosa,Odetari
Isabel LaRosa,Montell Fish
Isabel LaRosa,The Neighbourhood
Isabel LaRosa,Britney Manson
Isabel LaRosa,Lumi Athena
Isabel LaRosa,Kenya Grace
Agust D,RM
Agust D,j-hope
Agust D,V
Agust D,Jung Kook
Agust D,TOMORROW X TOGETHER
Agust D,ATEEZ
Agust D,TAEMIN
Agust D,BTS
Agust D,ENHYPEN
Agust D,Stray Kids
j-hope,RM
j-hope,Agust D
j-hope,V
j-hope,Jung Kook
j-hope,TOMORROW X TOGETHER
j-hope,BTS
j-hope,TAEMIN
j-hope,ATEEZ
j-hope,Stray Kids
j-hope,ENHYPEN
RM,j-hope
RM,Agust D
RM,V
RM,Jung Kook
RM,TOMORROW X TOGETHER
RM,BTS
RM,TAEMIN
RM,ATEEZ
RM,Stray Kids
Brent Faiyaz,Sonder
Brent Faiyaz,Bryson Tiller
Brent Faiyaz,PARTYNEXTDOOR
Brent Faiyaz,Summer Walker
Brent Faiyaz,Daniel Caesar
Brent Faiyaz,Steve Lacy
Brent Faiyaz,Giveon
Brent Faiyaz,Jhené Aiko
Brent Faiyaz,Frank Ocean
Brent Faiyaz,Baby Keem
Brent Faiyaz,Miguel
Brent Faiyaz,Don Toliver
Brent Faiyaz,Tory Lanez
Brent Faiyaz,"Tyler, The Creator"
Brent Faiyaz,H.E.R.
Brent Faiyaz,SZA
Victoria Monét,Doechii
Sidhu Moose Wala,Diljit Dosanjh
Sidhu Moose Wala,Shubh
Diljit Dosanjh,Sidhu Moose Wala
Creeds,BENNETT
Creeds,Matt Sassari
Creeds,Supermode
BENNETT,Creeds
BENNETT,cassö
BENNETT,Marnik
Switch Disco,Jazzy
Switch Disco,Nathan Dawe
Switch Disco,Hannah Laing
Fred again..,John Summit
Fred again..,Peggy Gou
Becky Hill,Joel Corry
Becky Hill,Nathan Dawe
Becky Hill,Jax Jones
Becky Hill,MEDUZA
Becky Hill,RAYE
R3HAB,Dimitri Vegas & Like Mike
R3HAB,Alesso
John Summit,Sonny Fodera
Eliza Rose,LF SYSTEM
Eliza Rose,Jazzy
Eliza Rose,Nathan Dawe
Matt Sassari,Supermode
Matt Sassari,ACRAZE
Matt Sassari,Öwnboss
Reik,Camila
Reik,Jesse & Joy
Reik,Piso 21
Reik,Juanes
Reik,Franco De Vita
Eladio Carrion,Mora
Eladio Carrion,Dei V
Eladio Carrion,Jhayco
Eladio Carrion,Myke Towers
Eladio Carrion,Tainy
Eladio Carrion,Arcángel
Eladio Carrion,Saiko
Eladio Carrion,Quevedo
Eladio Carrion,Feid
Eladio Carrion,Jay Wheeler
Eladio Carrion,Duki
Kenia OS,Humbe
Kenia OS,Rels B
Sebastian Yatra,Piso 21
Sebastian Yatra,Manuel Turizo
Sebastian Yatra,Reik
Sebastian Yatra,Maluma
Sebastian Yatra,Danny Ocean
Sebastian Yatra,Becky G
Sebastian Yatra,Morat
Sebastian Yatra,Jesse & Joy
Tainy,Jhayco
Tainy,Mora
Tainy,Young Miko
Tainy,Eladio Carrion
Tainy,Dei V
Tainy,Arcángel
Tainy,Feid
Tainy,Myke Towers
Tainy,Saiko
The 1975,Wallows
The 1975,Phoebe Bridgers
The 1975,Troye Sivan
The 1975,Clairo
The 1975,Rex Orange County
The 1975,Cigarettes After Sex
The 1975,Lorde
The 1975,Hozier
The 1975,Kodaline
JACKBOYS,Sheck Wes
JACKBOYS,Don Toliver
JACKBOYS,Internet Money
JACKBOYS,Offset
JACKBOYS,Mustard
JACKBOYS,Quality Control
JACKBOYS,Baby Keem
Young Thug,Gunna
Young Thug,Offset
Young Thug,Migos
Young Thug,Lil Yachty
Young Thug,Kodak Black
Young Thug,Don Toliver
Young Thug,Gucci Mane
Young Thug,Future
Young Thug,Lil Durk
Young Thug,Quality Control
Young Thug,21 Savage
Young Thug,Chief Keef
Sleepy Hallow,Polo G
Sleepy Hallow,Lil Tecca
Sleepy Hallow,A Boogie Wit da Hoodie
Sfera Ebbasta,Marracash
Boro,AVA
Takagi & Ketra,AVA
Marracash,Massimo Pericolo
PARTYNEXTDOOR,Bryson Tiller
PARTYNEXTDOOR,Tory Lanez
PARTYNEXTDOOR,Summer Walker
PARTYNEXTDOOR,Brent Faiyaz
PARTYNEXTDOOR,Sonder
PARTYNEXTDOOR,Jhené Aiko
PARTYNEXTDOOR,Miguel
PARTYNEXTDOOR,Jeremih
PARTYNEXTDOOR,H.E.R.
PARTYNEXTDOOR,Kehlani
Daniel Caesar,Sonder
Daniel Caesar,Brent Faiyaz
Daniel Caesar,Giveon
Daniel Caesar,Omar Apollo
Daniel Caesar,H.E.R.
Daniel Caesar,Frank Ocean
Daniel Caesar,Steve Lacy
Daniel Caesar,Summer Walker
Daniel Caesar,Bryson Tiller
Daniel Caesar,Miguel
Daniel Caesar,Jhené Aiko
Daniel Caesar,PARTYNEXTDOOR
Jhené Aiko,Summer Walker
Jhené Aiko,Kehlani
Jhené Aiko,H.E.R.
Jhené Aiko,Miguel
Jhené Aiko,Bryson Tiller
Jhené Aiko,PARTYNEXTDOOR
Jhené Aiko,Jeremih
Jhené Aiko,Keyshia Cole
Jhené Aiko,Brent Faiyaz
Giveon,Sonder
Giveon,Summer Walker
Giveon,Daniel Caesar
Giveon,Brent Faiyaz
Giveon,Tems
Giveon,Bryson Tiller
Giveon,H.E.R.
Giveon,Jhené Aiko
Giveon,PARTYNEXTDOOR
Giveon,Kehlani
Giveon,Kaash Paige
Giveon,Miguel
Sonder,Brent Faiyaz
Sonder,Giveon
Sonder,PARTYNEXTDOOR
Sonder,Bryson Tiller
Sonder,Daniel Caesar
Sonder,Summer Walker
Sonder,Steve Lacy
Kaash Paige,Sonder
Kaash Paige,Giveon
Kaash Paige,Summer Walker
Sade,Ms. Lauryn Hill
Sade,Eurythmics
H.E.R.,Summer Walker
H.E.R.,Kehlani
H.E.R.,Jhené Aiko
H.E.R.,Miguel
H.E.R.,Bryson Tiller
H.E.R.,Jorja Smith
H.E.R.,Daniel Caesar
Kehlani,H.E.R.
Kehlani,Jhené Aiko
Kehlani,Summer Walker
Kehlani,Bryson Tiller
Kehlani,Victoria Monét
Kehlani,Miguel
Jeremih,T-Pain
Jeremih,Bryson Tiller
Jeremih,Miguel
Oxlade,Lojay
Sexyy Red,Kaliii
Sexyy Red,Flo Milli
Sexyy Red,Ice Spice
Nadhif Basalamah,Donne Maula
Nadhif Basalamah,Batas Senja
Nadhif Basalamah,Idgitaf
Nadhif Basalamah,Nadin Amizah
Nadhif Basalamah,Seventeen
Nadhif Basalamah,Ghea Indrawari
Anggi Marito,Awdella
Anggi Marito,Ghea Indrawari
Anggi Marito,Aan Story
Anggi Marito,Aruma
Anggi Marito,Tiara Andini
Anggi Marito,Lyodra
Anggi Marito,Idgitaf
Anggi Marito,Mahalini
Ghea Indrawari,Anggi Marito
Ghea Indrawari,Awdella
Ghea Indrawari,Idgitaf
Ghea Indrawari,Tiara Andini
Ghea Indrawari,Aruma
Ghea Indrawari,Lyodra
Ghea Indrawari,Batas Senja
Ghea Indrawari,Mahalini
Batas Senja,Aan Story
Batas Senja,Donne Maula
Jaz,Devano
Donne Maula,Batas Senja
Donne Maula,Nadhif Basalamah
Feby Putri,Idgitaf
Feby Putri,Nadin Amizah
Feby Putri,Lyodra
Feby Putri,Tiara Andini
Feby Putri,Hindia
Feby Putri,Budi Doremi
Feby Putri,Mahalini
Last Child,Hindia
Last Child,Feby Putri
Last Child,Budi Doremi
Mahalini,Tiara Andini
Mahalini,Lyodra
Mahalini,Anggi Marito
Mahalini,Ghea Indrawari
Mahalini,Feby Putri
Mahalini,Idgitaf
Mahalini,Nadin Amizah
Aan Story,Batas Senja
Aan Story,Awdella
Aan Story,Anggi Marito
Awdella,Anggi Marito
Awdella,Aan Story
Awdella,Aruma
Awdella,Ghea Indrawari
Andra & The Backbone,Nidji
Tiara Andini,Lyodra
Tiara Andini,Mahalini
Tiara Andini,Anggi Marito
Tiara Andini,Ghea Indrawari
Tiara Andini,Feby Putri
Tiara Andini,Idgitaf
Seventeen,Nidji
Aruma,Awdella
Aruma,Anggi Marito
Aruma,Idgitaf
Aruma,Ghea Indrawari
Aruma,Batas Senja
Aruma,Feby Putri
Aruma,Aan Story
Aruma,Lyodra
Aruma,Nadin Amizah
Nadin Amizah,Idgitaf
Nadin Amizah,Hindia
Nadin Amizah,Feby Putri
Nadin Amizah,Tiara Andini
Nadin Amizah,Ghea Indrawari
Lyodra,Tiara Andini
Lyodra,Mahalini
Lyodra,Awdella
Lyodra,Anggi Marito
Lyodra,Idgitaf
Lyodra,Feby Putri
Devano,Jaz
Hindia,Nadin Amizah
Hindia,Feby Putri
Kelly Clarkson,Leona Lewis
Kelly Clarkson,Carrie Underwood
Kelly Clarkson,Gwen Stefani
Kelly Clarkson,Jessie J
Kelly Clarkson,Avril Lavigne
Kelly Clarkson,P!nk
Kelly Clarkson,Kesha
Mariah Carey,Whitney Houston
Mariah Carey,TLC
Mariah Carey,Ashanti
Mariah Carey,Destiny's Child
Mariah Carey,Mary J. Blige
Mariah Carey,Alicia Keys
Wham!,Eurythmics
Wham!,The Human League
Michael Bublé,Jason Mraz
Michael Bublé,Robbie Williams
Michael Bublé,Whitney Houston
Michael Bublé,John Legend
Cher,Eurythmics
Cher,Madonna
Gwen Stefani,No Doubt
Gwen Stefani,Nelly Furtado
Gwen Stefani,Destiny's Child
Gwen Stefani,Timbaland
Gwen Stefani,Britney Spears
Gwen Stefani,TLC
Jonas Brothers,5 Seconds of Summer
Jonas Brothers,Niall Horan
Jonas Brothers,Bebe Rexha
Jonas Brothers,Hailee Steinfeld
Ava Max,Bebe Rexha
Ava Max,Anne-Marie
Ava Max,Zara Larsson
Ava Max,Ellie Goulding
Ava Max,Dua Lipa
Ava Max,Camila Cabello
Ava Max,Sia
Ava Max,Halsey
Ava Max,Sabrina Carpenter
Ava Max,Jax Jones
Ava Max,Meghan Trainor
Ava Max,Dove Cameron
Ava Max,Madison Beer
Ava Max,Tate McRae
*NSYNC,Backstreet Boys
*NSYNC,Hanson
Leona Lewis,Kelly Clarkson
Leona Lewis,Nelly Furtado
Jimmy Fallon,GAYLE
Hanson,*NSYNC
Alessia Cara,Hailee Steinfeld
Alessia Cara,Julia Michaels
Alessia Cara,Zara Larsson
Alessia Cara,Bebe Rexha
Alessia Cara,Anne-Marie
Alessia Cara,Halsey
Alessia Cara,Meghan Trainor
Alessia Cara,Ellie Goulding
Destiny's Child,TLC
Destiny's Child,Ashanti
Destiny's Child,Cassie
Destiny's Child,Keyshia Cole
Jessie J,Kelly Clarkson
Jessie J,Leona Lewis
Jessie J,Kesha
Jessie J,Meghan Trainor
Jessie J,Ellie Goulding
Jessie J,Bebe Rexha
Jessie J,Avril Lavigne
John Lennon,Paul McCartney
John Lennon,The Beatles
John Lennon,The Who
John Lennon,Jimi Hendrix
John Lennon,The Rolling Stones
Band Aid,Brenda Lee
Paul McCartney,John Lennon
Paul McCartney,The Who
Paul McCartney,The Beatles
León Larregui,Zoé
León Larregui,Café Tacvba
Jarabe De Palo,Café Tacvba
Jarabe De Palo,La Mosca Tse-Tse
James Hype,ACRAZE
James Hype,Öwnboss
James Hype,Matt Sassari
James Hype,John Summit
James Hype,Joel Corry
Imanbek,ACRAZE
Imanbek,Öwnboss
Imanbek,Regard
Imanbek,Joel Corry
Imanbek,Riton
Oliver Tree,Joji
Oliver Tree,Gorillaz
Oliver Tree,Cage The Elephant
Alesso,R3HAB
Alesso,Zedd
Alesso,Dimitri Vegas & Like Mike
Felix Jaehn,Ofenbach
Felix Jaehn,Lost Frequencies
Felix Jaehn,Jax Jones
Majestic,Riton
Majestic,Nathan Dawe
LF SYSTEM,Eliza Rose
LF SYSTEM,Jazzy
MEDUZA,Joel Corry
MEDUZA,Imanbek
MEDUZA,Regard
MEDUZA,ACRAZE
MEDUZA,James Hype
MEDUZA,Öwnboss
MEDUZA,John Summit
MEDUZA,Becky Hill
MEDUZA,Jax Jones
Öwnboss,ACRAZE
Supermode,Matt Sassari
Supermode,Öwnboss
Supermode,ACRAZE
Nathan Dawe,Joel Corry
Nathan Dawe,Jazzy
Nathan Dawe,Becky Hill
Chance Peña,David Kushner
Chance Peña,Noah Kahan
Mac DeMarco,TV Girl
Mac DeMarco,Steve Lacy
Mac DeMarco,Faye Webster
Mac DeMarco,salvia palth
Mac DeMarco,Clairo
Mac DeMarco,Tame Impala
Mac DeMarco,Beach House
Mac DeMarco,The Smiths
Mac DeMarco,Mitski
Mac DeMarco,beabadoobee
Mac DeMarco,MF DOOM
Mac DeMarco,"Tyler, The Creator"
Benson Boone,Matt Hansen
Benson Boone,Sadie Jean
Benson Boone,Dean Lewis
Benson Boone,David Kushner
Benson Boone,Tate McRae
Noah Cyrus,Julia Michaels
Noah Cyrus,JP Saxe
Noah Cyrus,WILLOW
Noah Cyrus,gnash
Noah Cyrus,Charli XCX
Noah Cyrus,Tate McRae
Yahritza Y Su Esencia,Eslabon Armado
Yahritza Y Su Esencia,Grupo Frontera
Joji,Clairo
Joji,Rex Orange County
Joji,Mac DeMarco
Joji,"Tyler, The Creator"
Joji,Daniel Caesar
Joji,Steve Lacy
Joji,Wallows
Joji,Cigarettes After Sex
Joji,Frank Ocean
Joji,beabadoobee
Joji,Oliver Tree
Joji,Tame Impala
Omar Apollo,Dominic Fike
Julia Michaels,Hailee Steinfeld
Julia Michaels,JP Saxe
Julia Michaels,Alessia Cara
Julia Michaels,Zara Larsson
Julia Michaels,Bebe Rexha
Julia Michaels,Anne-Marie
Julia Michaels,Madison Beer
Julia Michaels,Niall Horan
Julia Michaels,Noah Cyrus
Gracie Abrams,Lizzy McAlpine
Gracie Abrams,Phoebe Bridgers
Gracie Abrams,boygenius
Gracie Abrams,Sabrina Carpenter
Gracie Abrams,Conan Gray
Gracie Abrams,Tate McRae
Gracie Abrams,Sara Kays
Gracie Abrams,Clairo
Gracie Abrams,beabadoobee
Rod Wave,Lil Durk
Rod Wave,Tee Grizzley
Rod Wave,Polo G
Rod Wave,YNW Melly
Myles Smith,Matt Hansen
Myles Smith,Chance Peña
Myles Smith,David Kushner
Alec Benjamin,Tate McRae
Alec Benjamin,Dean Lewis
Alec Benjamin,Conan Gray
Alec Benjamin,blackbear
Alec Benjamin,Ruth B.
Alec Benjamin,5 Seconds of Summer
Alec Benjamin,Sara Kays
Sara Kays,Sadie Jean
Sadie Jean,Matt Hansen
Sadie Jean,Jessie Murph
Matt Hansen,Sadie Jean
Matt Hansen,Benson Boone
Madison Beer,Sabrina Carpenter
Madison Beer,Tate McRae
Madison Beer,Dove Cameron
Madison Beer,Julia Michaels
Madison Beer,Hailee Steinfeld
Madison Beer,Zara Larsson
Madison Beer,Bebe Rexha
Madison Beer,Conan Gray
Madison Beer,Alessia Cara
Madison Beer,Anne-Marie
Madison Beer,Gracie Abrams
Vundabar,Rio Romeo
Wallows,Clairo
WILLOW,THE ANXIETY
WILLOW,Wallows
WILLOW,Clairo
WILLOW,Omar Apollo
WILLOW,Kali Uchis
WILLOW,PinkPantheress
WILLOW,Jorja Smith
Beach Weather,Isabel LaRosa
Beach Weather,The Neighbourhood
Beach Weather,Hotel Ugly
Beach Weather,TV Girl
Beach Weather,d4vd
Beach Weather,girl in red
Beach Weather,Cafuné
Beach Weather,The Walters
Beach Weather,Wallows
FIFTY FIFTY,IVE
FIFTY FIFTY,LE SSERAFIM
FIFTY FIFTY,JISOO
Red Velvet,aespa
La Mosca Tse-Tse,Bacilos
La Mosca Tse-Tse,Los Enanitos Verdes
LeeHi,AKMU
Trueno,LIT killah
Trueno,Duki
Trueno,Milo j
Trueno,Bizarrap
La Santa Grifa,Lefty Sm
King Gnu,Kenshi Yonezu
King Gnu,Ryokuoushoku Shakai
YOASOBI,Kenshi Yonezu
YOASOBI,Ryokuoushoku Shakai
YOASOBI,King Gnu
310babii,41
310babii,Sexyy Red
Tee Grizzley,Quality Control
Lil Tecca,YNW Melly
Lil Tecca,Polo G
Lil Tecca,NLE Choppa
Lil Tecca,Sleepy Hallow
Lil Tecca,Trippie Redd
Lil Tecca,Roddy Ricch
Lil Tecca,Lil Yachty
Lil Tecca,DaBaby
Lil Tecca,Internet Money
Lil Tecca,Gunna
Lil Tecca,A Boogie Wit da Hoodie
Lil Tecca,Lil Uzi Vert
DJ Khaled,French Montana
DJ Khaled,Meek Mill
DJ Khaled,T-Pain
DJ Khaled,Gucci Mane
DJ Khaled,Migos
Sheck Wes,Quality Control
Sheck Wes,JACKBOYS
Sheck Wes,Offset
Don Toliver,JACKBOYS
Don Toliver,Gunna
Don Toliver,Baby Keem
Don Toliver,Offset
Don Toliver,Young Thug
Don Toliver,Metro Boomin
Don Toliver,Sheck Wes
Don Toliver,Internet Money
Don Toliver,Playboi Carti
Don Toliver,Tory Lanez
Don Toliver,Trippie Redd
Don Toliver,Lil Yachty
Baby Keem,JID
Baby Keem,Don Toliver
Baby Keem,Ken Carson
Baby Keem,Playboi Carti
Baby Keem,Metro Boomin
Baby Keem,MF DOOM
Snow Patrol,Keane
Snow Patrol,The Fray
Snow Patrol,The Verve
Snow Patrol,The Goo Goo Dolls
Snow Patrol,Kings of Leon
Snow Patrol,The Killers
Snow Patrol,The Calling
Snow Patrol,James Blunt
Snow Patrol,Plain White T's
Snow Patrol,The Script
Snow Patrol,Train
Halsey,Bebe Rexha
Halsey,Alessia Cara
Halsey,Anne-Marie
Halsey,Hailee Steinfeld
Halsey,Zara Larsson
Halsey,Camila Cabello
Halsey,Julia Michaels
Halsey,Ellie Goulding
Halsey,Troye Sivan
Halsey,5 Seconds of Summer
Halsey,Selena Gomez
Halsey,ZAYN
Zedd,Alesso
Zedd,R3HAB
Zedd,Kygo
Zedd,Martin Garrix
Ali Gatie,Russ
Ali Gatie,Lauv
Ali Gatie,Khalid
Ali Gatie,gnash
Ali Gatie,Tate McRae
Ali Gatie,blackbear
Ali Gatie,Alec Benjamin
Ali Gatie,Lewis Capaldi
Ali Gatie,Dean Lewis
Ali Gatie,Powfu
Ali Gatie,benny blanco
American Authors,WALK THE MOON
American Authors,BANNERS
American Authors,Plain White T's
American Authors,Train
American Authors,Owl City
American Authors,MKTO
Jason Mraz,Train
Jason Mraz,James Blunt
Jason Mraz,The Fray
Jason Mraz,The Script
Jason Mraz,The Goo Goo Dolls
Jason Mraz,Plain White T's
Jason Mraz,Maroon 5
Jason Mraz,OneRepublic
Jason Mraz,Kelly Clarkson
Jason Mraz,Vanessa Carlton
Duncan Laurence,Jaymes Young
Duncan Laurence,Rosa Linn
Duncan Laurence,Elley Duhé
Duncan Laurence,Alec Benjamin
Duncan Laurence,Benson Boone
Duncan Laurence,GAYLE
Duncan Laurence,Dean Lewis
Duncan Laurence,JP Saxe
Duncan Laurence,BANNERS
JP Saxe,Julia Michaels
JP Saxe,Forest Blakk
JP Saxe,Dean Lewis
Forest Blakk,JP Saxe
Passenger,Kodaline
Passenger,Vance Joy
Passenger,Tom Odell
Passenger,George Ezra
Passenger,James Blunt
Passenger,The Lumineers
Passenger,The Script
Passenger,Snow Patrol
Passenger,The Fray
Passenger,Hozier
Passenger,Jason Mraz
Gotye,Flo Rida
Gotye,Foster The People
Gotye,Loreen
Gotye,Train
Gotye,Florence + The Machine
Gotye,Gym Class Heroes
Gotye,The Black Keys
Los Enanitos Verdes,Hombres G
Los Enanitos Verdes,La Mosca Tse-Tse
Los Enanitos Verdes,Café Tacvba
Los Enanitos Verdes,Soda Stereo
Soda Stereo,Los Enanitos Verdes
Soda Stereo,Andrés Calamaro
Soda Stereo,Café Tacvba
Deftones,The Smashing Pumpkins
Denise Julia,DEMI
Denise Julia,NIKI
DEMI,Hev Abi
DEMI,Nateman
Riton,ACRAZE
Riton,Imanbek
Riton,Majestic
Riton,Nathan Dawe
Riton,Joel Corry
Farruko,Zion & Lennox
Farruko,Wisin & Yandel
Farruko,Arcángel
Hypaton,Supermode
Hypaton,Matt Sassari
Hypaton,ACRAZE
Jax Jones,Joel Corry
Jax Jones,Becky Hill
Jax Jones,Nathan Dawe
Jax Jones,Felix Jaehn
Jax Jones,Ofenbach
Ice Cube,Dr. Dre
Ice Cube,The Notorious B.I.G.
Ice Cube,Snoop Dogg
Ice Cube,2Pac
Ice Cube,Mobb Deep
Tiakola,SDM
Tiakola,Gazo
Tiakola,Favé
Tiakola,Werenoi
Veigh,Vulgo FK
Veigh,KayBlack
Veigh,MC PH
Veigh,Chefin
Matuê,Orochi
Matuê,Chefin
Matuê,KayBlack
Matuê,MC Cabelinho
Matuê,Borges
Matuê,Veigh
Matuê,Vulgo FK
AVA,Boro
AVA,Takagi & Ketra
Lojay,Oxlade
Hev Abi,DEMI
Hev Abi,Nateman
Nateman,Hev Abi
Nateman,DEMI
Lyrical Lemonade,Internet Money
Lyrical Lemonade,¥$
Mazzy Star,Beach House
Beach House,Mazzy Star
Chief Keef,Ken Carson
Chief Keef,Sheck Wes
Chief Keef,Lil Yachty
Chief Keef,Kodak Black
Chief Keef,Gucci Mane
Waka Flocka Flame,Soulja Boy
Roddy Ricch,DaBaby
Roddy Ricch,YNW Melly
Roddy Ricch,Lil Tecca
Roddy Ricch,Lil Durk
Roddy Ricch,Polo G
Roddy Ricch,Gunna
Roddy Ricch,Lil Baby
Roddy Ricch,NLE Choppa
Roddy Ricch,Offset
Roddy Ricch,Kodak Black
Roddy Ricch,Young Thug
Roddy Ricch,A Boogie Wit da Hoodie
Pop Smoke,Polo G
Pop Smoke,Roddy Ricch
Pop Smoke,DaBaby
Pop Smoke,NLE Choppa
Pop Smoke,Offset
Pop Smoke,Lil Baby
Pop Smoke,Lil Durk
Pop Smoke,Gunna
Pop Smoke,YNW Melly
Pop Smoke,Lil Tecca
Pop Smoke,A Boogie Wit da Hoodie
Pop Smoke,Sleepy Hallow
Pop Smoke,Young Thug
Kodak Black,Gucci Mane
Kodak Black,Lil Yachty
Kodak Black,Offset
Kodak Black,Young Thug
Kodak Black,Tee Grizzley
Kodak Black,Gunna
Kodak Black,Chief Keef
Kodak Black,Migos
Kodak Black,Lil Durk
Kodak Black,A Boogie Wit da Hoodie
Kodak Black,Trippie Redd
Polo G,NLE Choppa
Polo G,Lil Durk
Polo G,YNW Melly
Polo G,Sleepy Hallow
Polo G,Lil Tecca
Polo G,Roddy Ricch
Polo G,Lil Baby
Polo G,A Boogie Wit da Hoodie
Polo G,DaBaby
Polo G,Rod Wave
Polo G,Gunna
A Boogie Wit da Hoodie,Kodak Black
A Boogie Wit da Hoodie,Sleepy Hallow
A Boogie Wit da Hoodie,Tee Grizzley
A Boogie Wit da Hoodie,Polo G
A Boogie Wit da Hoodie,YNW Melly
A Boogie Wit da Hoodie,Lil Durk
A Boogie Wit da Hoodie,Lil Tecca
A Boogie Wit da Hoodie,Gunna
A Boogie Wit da Hoodie,Trippie Redd
Mustard,Quality Control
Mustard,Internet Money
DaBaby,Roddy Ricch
DaBaby,YNW Melly
DaBaby,NLE Choppa
DaBaby,Lil Tecca
DaBaby,Polo G
DaBaby,Offset
DaBaby,Lil Baby
DaBaby,Kodak Black
DaBaby,Lil Durk
DaBaby,Lil Yachty
DaBaby,Gunna
DaBaby,Pop Smoke
Quality Control,Mustard
Quality Control,Offset
Quality Control,Sheck Wes
Fetty Wap,Mustard
Fetty Wap,Soulja Boy
Fetty Wap,Gucci Mane
Fetty Wap,Waka Flocka Flame
S3BZS,TRASHXRL
S3BZS,Slowboy
S3BZS,NXVAMANE
S3BZS,6YNTHMANE
S3BZS,LXNGVX
Bibi Babydoll,S3BZS
Bibi Babydoll,TRASHXRL
Bibi Babydoll,6YNTHMANE
Bibi Babydoll,LXNGVX
Bibi Babydoll,Clovis Reyes
NXVAMANE,6YNTHMANE
NXVAMANE,S3BZS
NXVAMANE,TRASHXRL
NXVAMANE,YOUTHISENDING
NXVAMANE,Slowboy
TRASHXRL,Slowboy
TRASHXRL,S3BZS
TRASHXRL,LXNGVX
TRASHXRL,NXVAMANE
TRASHXRL,6YNTHMANE
NLE Choppa,YNW Melly
NLE Choppa,Polo G
NLE Choppa,Lil Tecca
NLE Choppa,DaBaby
NLE Choppa,Roddy Ricch
NLE Choppa,Lil Durk
NLE Choppa,Sleepy Hallow
NLE Choppa,Lil Baby
Camila,Reik
Camila,Jesse & Joy
Camila,Franco De Vita
Camila,Juanes
Borges,Chefin
Chefin,Borges
Chefin,Orochi
Chefin,Vulgo FK
Chefin,MC Cabelinho
MC PH,Vulgo FK
Orochi,Borges
Orochi,Chefin
Orochi,MC Cabelinho
Orochi,Vulgo FK
MC Cabelinho,Chefin
MC Cabelinho,Orochi
MC Cabelinho,Borges
MC Cabelinho,KayBlack
MC Cabelinho,Veigh
KayBlack,Vulgo FK
KayBlack,Veigh
KayBlack,MC PH
KayBlack,Borges
Vulgo FK,MC PH
Vulgo FK,KayBlack
Lil Durk,Lil Baby
Lil Durk,Gunna
Lil Durk,Polo G
Lil Durk,Tee Grizzley
Lil Durk,Rod Wave
Lil Durk,Kodak Black
Lil Durk,Chief Keef
Kordhell,MoonDeity
Kordhell,Dxrk ダーク
Kordhell,MUPP
Kordhell,INTERWORLD
Kordhell,ONIMXRU
Kordhell,glichery
Kordhell,DVRST
Kordhell,SCXR SOUL
6YNTHMANE,NXVAMANE
6YNTHMANE,TRASHXRL
6YNTHMANE,Slowboy
6YNTHMANE,S3BZS
6YNTHMANE,LXNGVX
6YNTHMANE,YOUTHISENDING
xxanteria,Clovis Reyes
Slowboy,TRASHXRL
Slowboy,S3BZS
Slowboy,LXNGVX
Slowboy,NXVAMANE
Dxrk ダーク,Kordhell
Dxrk ダーク,MoonDeity
Dxrk ダーク,MUPP
Dxrk ダーク,ONIMXRU
Dxrk ダーク,SCXR SOUL
ONIMXRU,MoonDeity
ONIMXRU,INTERWORLD
ONIMXRU,SCXR SOUL
ONIMXRU,CURSEDEVIL
LXNGVX,TRASHXRL
LXNGVX,Slowboy
LXNGVX,S3BZS
SCXR SOUL,ONIMXRU
phonk.me,CURSEDEVIL
phonk.me,ONIMXRU
MoonDeity,ONIMXRU
MoonDeity,Kordhell
MoonDeity,glichery
MoonDeity,MUPP
MoonDeity,Dxrk ダーク
MoonDeity,SCXR SOUL
g3ox_em,ONIMXRU
g3ox_em,SCXR SOUL
g3ox_em,phonk.me
g3ox_em,TWISTED
g3ox_em,INTERWORLD
g3ox_em,MoonDeity
g3ox_em,Dxrk ダーク
glichery,VØJ
glichery,MoonDeity
glichery,INTERWORLD
MUPP,MoonDeity
MUPP,SCXR SOUL
DVRST,INTERWORLD
DVRST,glichery
YOUTHISENDING,NXVAMANE
The Paper Kites,Lord Huron
Idgitaf,Nadin Amizah
Idgitaf,Feby Putri
Idgitaf,Aruma
Idgitaf,Ghea Indrawari
Idgitaf,Lyodra
Idgitaf,Anggi Marito
Idgitaf,Tiara Andini
Idgitaf,Awdella
Idgitaf,Batas Senja
Salma Salsabil,Anggi Marito
NIKI,Denise Julia
NIKI,wave to earth
NIKI,dhruv
Pharrell Williams,Timbaland
Pharrell Williams,Justin Timberlake
Pharrell Williams,Black Eyed Peas
Pharrell Williams,Nelly Furtado
Pharrell Williams,John Legend
Pharrell Williams,Alicia Keys
Pharrell Williams,Gwen Stefani
Billy Gillies,Hannah Laing
Billy Gillies,Jazzy
Duki,LIT killah
Duki,Trueno
Duki,Milo j
Duki,Emilia
Duki,Bizarrap
Duki,Maria Becerra
Young Miko,Tainy
Young Miko,Feid
Young Miko,Mora
Young Miko,Milo j
Young Miko,Jhayco
Young Miko,Quevedo
Young Miko,Ryan Castro
Young Miko,Eladio Carrion
Young Miko,Emilia
Young Miko,Myke Towers
Young Miko,Dei V
Young Miko,Rauw Alejandro
Jay Wheeler,Jhayco
Jay Wheeler,Myke Towers
Jay Wheeler,Dei V
Arcángel,Farruko
Arcángel,Zion & Lennox
Arcángel,Eladio Carrion
Arcángel,Jhayco
Bacilos,La Mosca Tse-Tse
Bacilos,Juanes
Bacilos,Carlos Baute
Carlos Baute,Juanes
Marc Anthony,Luis Enrique
Julieta Venegas,Belanova
Julieta Venegas,Natalia Lafourcade
Julieta Venegas,Miranda!
Julieta Venegas,Café Tacvba
Julieta Venegas,Mon Laferte
Julieta Venegas,León Larregui
Julieta Venegas,Juanes
The White Stripes,The Black Keys
The White Stripes,Franz Ferdinand
The White Stripes,Jet
The White Stripes,Pixies
The White Stripes,Blur
MGMT,Foster The People
MGMT,Peter Bjorn and John
MGMT,GROUPLOVE
MGMT,Franz Ferdinand
MGMT,The Strokes
MGMT,Cage The Elephant
Daft Punk,Gorillaz
Daft Punk,MGMT
Daft Punk,The Strokes
Daft Punk,Radiohead
Daft Punk,Muse
Daft Punk,Franz Ferdinand
Daft Punk,Blur
Daft Punk,Tame Impala
Daft Punk,The White Stripes
Florence + The Machine,Hozier
Florence + The Machine,Lorde
Florence + The Machine,Kings of Leon
Florence + The Machine,The Lumineers
Florence + The Machine,The Black Keys
Florence + The Machine,The Killers
Florence + The Machine,Foster The People
Morat,Reik
Morat,Piso 21
Morat,Jesse & Joy
Morat,Manuel Medrano
Morat,Sebastian Yatra
Morat,Danny Ocean
Morat,Manuel Turizo
J Balvin,Farruko
J Balvin,Maluma
J Balvin,Zion & Lennox
J Balvin,Ozuna
J Balvin,Daddy Yankee
J Balvin,Piso 21
J Balvin,Arcángel
J Balvin,Manuel Turizo
J Balvin,Wisin & Yandel
J Balvin,Sebastian Yatra
J Balvin,Rauw Alejandro
Jhayco,Tainy
Jhayco,Mora
Jhayco,Myke Towers
Jhayco,Eladio Carrion
Jhayco,Saiko
Jhayco,Dei V
Jhayco,Quevedo
Jhayco,Arcángel
Jhayco,Feid
Belanova,Julieta Venegas
Danny Ocean,Piso 21
Danny Ocean,Manuel Turizo
Danny Ocean,Zion & Lennox
Danny Ocean,Manuel Medrano
Marc Seguí,zzoilo
Manu Chao,Jarabe De Palo
Jesse & Joy,Camila
Jesse & Joy,Reik
Juanes,Bacilos
Juanes,Carlos Baute
Juanes,Franco De Vita
Juanes,Camila
Juanes,Maná
Luis Fonsi,Carlos Baute
Luis Fonsi,Camila
Luis Fonsi,Reik
Luis Fonsi,Juanes
Luis Fonsi,Franco De Vita
Mon Laferte,Natalia Lafourcade
Mon Laferte,Julieta Venegas
Mon Laferte,León Larregui
Mon Laferte,Miranda!
Mon Laferte,Zoé
Mon Laferte,Belanova
Mon Laferte,Café Tacvba
Mon Laferte,Jesse & Joy
Mon Laferte,Hombres G
Mon Laferte,Los Enanitos Verdes
zzoilo,Marc Seguí
Zion & Lennox,Wisin & Yandel
Daddy Yankee,Wisin & Yandel
Daddy Yankee,Don Omar
Daddy Yankee,Zion & Lennox
Daddy Yankee,Farruko
Daddy Yankee,J Balvin
Daddy Yankee,Ozuna
Daddy Yankee,Arcángel
Daddy Yankee,Maluma
Alejandro Fernández,Franco De Vita
Alejandro Fernández,Luis Miguel
Franco De Vita,Camila
Franco De Vita,Juanes
Franco De Vita,Bacilos
Franco De Vita,Ricardo Arjona
Franco De Vita,Reyli Barba
Manuel Medrano,Piso 21
Manuel Medrano,Danny Ocean
Manuel Medrano,Morat
Ricardo Arjona,Franco De Vita
Ricardo Arjona,Camila
Ricardo Arjona,Maná
Ricardo Arjona,Juanes
Ricardo Arjona,Alejandro Fernández
Ricardo Arjona,Reik
Ricardo Arjona,Bacilos
Miranda!,Julieta Venegas
Miranda!,Belanova
Miranda!,Mon Laferte
Miranda!,Natalia Lafourcade
Miranda!,León Larregui
Miranda!,Café Tacvba
TINI,Emilia
TINI,Maria Becerra
Kenshi Yonezu,King Gnu
Kenshi Yonezu,YOASOBI
Kenshi Yonezu,Ryokuoushoku Shakai
New West,The Walters
New West,Seafret
New West,d4vd
New West,Stephen Sanchez
New West,dhruv
New West,Beach Weather
New West,Chance Peña
Bakar,Dominic Fike
Seafret,Kodaline
Seafret,Jaymes Young
Seafret,BANNERS
Seafret,Tom Odell
Seafret,Vance Joy
Seafret,New West
Seafret,The Paper Kites
Seafret,Lord Huron
Cage The Elephant,MGMT
Cage The Elephant,GROUPLOVE
Cage The Elephant,The Strokes
Cage The Elephant,Foster The People
Cage The Elephant,The Black Keys
Cage The Elephant,Wallows
Cage The Elephant,The White Stripes
Cage The Elephant,Tame Impala
Cage The Elephant,Weezer
Cage The Elephant,Portugal. The Man
R.E.M.,The Police
R.E.M.,The Cranberries
R.E.M.,U2
R.E.M.,The Verve
R.E.M.,Eurythmics
R.E.M.,Tears For Fears
R.E.M.,a-ha
blink-182,Jimmy Eat World
blink-182,The Offspring
blink-182,Green Day
blink-182,My Chemical Romance
Fall Out Boy,My Chemical Romance
Fall Out Boy,Plain White T's
Fall Out Boy,Jimmy Eat World
Fall Out Boy,blink-182
Fall Out Boy,Green Day
The Black Keys,The White Stripes
The Black Keys,Franz Ferdinand
The Black Keys,Cage The Elephant
System Of A Down,Rage Against The Machine
System Of A Down,Audioslave
System Of A Down,The Offspring
Pearl Jam,Stone Temple Pilots
Pearl Jam,Soundgarden
Pearl Jam,Audioslave
Pearl Jam,The Smashing Pumpkins
Pearl Jam,Rage Against The Machine
Pearl Jam,Foo Fighters
Pearl Jam,Incubus
The Smashing Pumpkins,Stone Temple Pilots
The Smashing Pumpkins,Soundgarden
The Smashing Pumpkins,Pixies
The Smashing Pumpkins,Rage Against The Machine
The Smashing Pumpkins,Audioslave
The Smashing Pumpkins,Incubus
The Smashing Pumpkins,Weezer
The Smashing Pumpkins,Pearl Jam
Soundgarden,Stone Temple Pilots
Soundgarden,Audioslave
Soundgarden,The Smashing Pumpkins
Soundgarden,Pearl Jam
Soundgarden,Rage Against The Machine
Jet,The White Stripes
Jet,Franz Ferdinand
Jet,The Black Keys
dhruv,NIKI
Charli XCX,Lorde
Charli XCX,Kesha
Cassie,Ashanti
T-Pain,Soulja Boy
T-Pain,Sean Kingston
Ashanti,Cassie
Ashanti,Keyshia Cole
Bring Me The Horizon,Bad Omens
Pixies,Blur
Pixies,The Smashing Pumpkins
New Radicals,Smash Mouth
5 Seconds of Summer,Niall Horan
5 Seconds of Summer,Jonas Brothers
5 Seconds of Summer,Troye Sivan
5 Seconds of Summer,One Direction
5 Seconds of Summer,ZAYN
5 Seconds of Summer,Hailee Steinfeld
5 Seconds of Summer,Bebe Rexha
5 Seconds of Summer,Harry Styles
5 Seconds of Summer,Lauv
YNW Melly,NLE Choppa
YNW Melly,Polo G
YNW Melly,Lil Tecca
YNW Melly,Roddy Ricch
YNW Melly,DaBaby
YNW Melly,A Boogie Wit da Hoodie
YNW Melly,Trippie Redd
YNW Melly,Kodak Black
YNW Melly,Lil Durk
YNW Melly,Rod Wave
YNW Melly,Tee Grizzley
Gucci Mane,Waka Flocka Flame
Gucci Mane,Offset
Gucci Mane,Meek Mill
Gucci Mane,French Montana
Gucci Mane,Mustard
Gucci Mane,Kodak Black
Trippie Redd,Lil Yachty
Trippie Redd,Lil Uzi Vert
Trippie Redd,Lil Tecca
Trippie Redd,Kodak Black
Trippie Redd,Playboi Carti
Trippie Redd,YNW Melly
Trippie Redd,Chief Keef
Trippie Redd,Gunna
Trippie Redd,A Boogie Wit da Hoodie
beabadoobee,Faye Webster
beabadoobee,Laufey
beabadoobee,Clairo
beabadoobee,wave to earth
beabadoobee,PinkPantheress
beabadoobee,Mitski
beabadoobee,TV Girl
beabadoobee,Phoebe Bridgers
Jessie Murph,Sadie Jean
Jessie Murph,Matt Hansen
Jessie Murph,Bailey Zimmerman
Jessie Murph,Tate McRae
Internet Money,24kGoldn
Internet Money,Mustard
Internet Money,Quality Control
Internet Money,JACKBOYS
Khalid,Kehlani
Khalid,H.E.R.
Khalid,benny blanco
Khalid,Russ
Khalid,blackbear
Khalid,Post Malone
Khalid,Miguel
Khalid,Lauv
Khalid,Bryson Tiller
Khalid,Giveon
Khalid,Daniel Caesar
Khalid,Halsey
Khalid,Jhené Aiko
Khalid,Frank Ocean
Clara La San,Sonder
Clara La San,Kanii
Clara La San,PinkPantheress
Clara La San,Faye Webster
Clara La San,Montell Fish
Clara La San,Brent Faiyaz
Tame Impala,MGMT
Tame Impala,Mac DeMarco
Tame Impala,Beach House
Tame Impala,The Strokes
Tame Impala,Cage The Elephant
Tame Impala,The Smiths
Tame Impala,Steve Lacy
Tame Impala,Radiohead
Tame Impala,Clairo
Tame Impala,Childish Gambino
Tame Impala,Gorillaz
Russ,G-Eazy
Russ,blackbear
Russ,Khalid
Russ,Bryson Tiller
Russ,Jack Harlow
Russ,Tory Lanez
24kGoldn,Internet Money
24kGoldn,The Kid LAROI
24kGoldn,Lil Tecca
24kGoldn,DaBaby
24kGoldn,Roddy Ricch
24kGoldn,Jack Harlow
24kGoldn,Mustard
24kGoldn,YNW Melly
24kGoldn,benny blanco
Shouse,ACRAZE
Shouse,Öwnboss
Shouse,Matt Sassari
Shouse,Imanbek
Shouse,Riton
Shouse,Regard
Shouse,James Hype
Shouse,Supermode
THE ANXIETY,WILLOW
THE ANXIETY,Omar Apollo
THE ANXIETY,Wallows
Natalia Lafourcade,Julieta Venegas
Natalia Lafourcade,Mon Laferte
Natalia Lafourcade,León Larregui
Natalia Lafourcade,Café Tacvba
Natalia Lafourcade,Belanova
Natalia Lafourcade,Zoé
Natalia Lafourcade,Miranda!
Pablo Alborán,Carlos Baute
Cafuné,The Walters
Cafuné,d4vd
Cafuné,Hotel Ugly
Eurythmics,The Human League
Eurythmics,a-ha
The Smiths,Pixies
The Smiths,Radiohead
The Smiths,Mazzy Star
The Smiths,The Strokes
The Smiths,Mac DeMarco
The Smiths,Blur
The Outfield,The Romantics
¥$,Baby Keem
¥$,Ken Carson
¥$,Lyrical Lemonade
¥$,MF DOOM
Estelle,Corinne Bailey Rae
Estelle,Ms. Lauryn Hill
Estelle,Outkast
Estelle,M.I.A.
Manuel Turizo,Piso 21
Manuel Turizo,Sebastian Yatra
Manuel Turizo,Danny Ocean
Manuel Turizo,Zion & Lennox
Manuel Turizo,Farruko
Manuel Turizo,Reik
Carin Leon,Grupo Frontera
Carin Leon,Christian Nodal
Milo j,Duki
Milo j,Trueno
Milo j,LIT killah
Milo j,Emilia
Christian Nodal,Carin Leon
Christian Nodal,Alejandro Fernández
Saiko,Quevedo
Saiko,Mora
Saiko,Dei V
Saiko,Jhayco
TLC,Ashanti
TLC,Destiny's Child
Mr.Kitty,DVRST
Clairo,beabadoobee
Clairo,Faye Webster
Clairo,Wallows
Clairo,girl in red
Clairo,Phoebe Bridgers
Clairo,Mac DeMarco
Clairo,Mitski
Clairo,Steve Lacy
Clairo,PinkPantheress
George Ezra,Vance Joy
George Ezra,Passenger
George Ezra,Hozier
George Ezra,The Lumineers
George Ezra,Kodaline
George Ezra,Tom Odell
George Ezra,Snow Patrol
George Ezra,Paloma Faith
Portugal. The Man,GROUPLOVE
Portugal. The Man,The Black Keys
Faye Webster,beabadoobee
Faye Webster,Clairo
Faye Webster,Laufey
Faye Webster,Phoebe Bridgers
Faye Webster,PinkPantheress
Faye Webster,salvia palth
Faye Webster,Steve Lacy
Phoebe Bridgers,boygenius
Phoebe Bridgers,Lizzy McAlpine
Phoebe Bridgers,Gracie Abrams
Phoebe Bridgers,Faye Webster
Phoebe Bridgers,Clairo
Rex Orange County,Clairo
Rex Orange County,Wallows
Rex Orange County,Daniel Caesar
Rex Orange County,Joji
Rex Orange County,Omar Apollo
Rex Orange County,The Walters
Rex Orange County,Mac DeMarco
Rex Orange County,beabadoobee
Rex Orange County,Steve Lacy
Rex Orange County,NIKI
Rex Orange County,The 1975
Hailee Steinfeld,Julia Michaels
Hailee Steinfeld,Alessia Cara
Hailee Steinfeld,Zara Larsson
Hailee Steinfeld,Bebe Rexha
Hailee Steinfeld,Anne-Marie
Tones And I,Ava Max
Tones And I,Lewis Capaldi
Tones And I,Sia
Tones And I,Bebe Rexha
Tones And I,P!nk
Tones And I,Zara Larsson
Tones And I,Marshmello
Tones And I,Anne-Marie
Tones And I,Kygo
Tones And I,Jax Jones
TWISTED,g3ox_em
TWISTED,MUPP
TWISTED,DVRST
TWISTED,SCXR SOUL
TWISTED,Dxrk ダーク
TWISTED,INTERWORLD
The Cardigans,No Doubt
The Cardigans,The Cranberries
The Cardigans,The Verve
The Cardigans,Blur
MAGIC!,MKTO
MAGIC!,Mike Posner
MAGIC!,Capital Cities
MAGIC!,Zedd
MAGIC!,American Authors
MAGIC!,Meghan Trainor
benny blanco,Internet Money
benny blanco,24kGoldn
benny blanco,gnash
Alan Walker,Marshmello
Alan Walker,Martin Garrix
Alan Walker,The Chainsmokers
Alan Walker,DJ Snake
Alan Walker,Avicii
Alan Walker,Kygo
Alan Walker,ZAYN
Alan Walker,Justin Bieber
Alan Walker,Charlie Puth
Alan Walker,Anne-Marie
Alan Walker,Shawn Mendes
Alan Walker,Camila Cabello
Alan Walker,Imagine Dragons
Alan Walker,Bebe Rexha
Alan Walker,Calvin Harris
Alan Walker,Zedd
Rag'n'Bone Man,George Ezra
Rag'n'Bone Man,Paloma Faith
Rag'n'Bone Man,Passenger
Rag'n'Bone Man,Hozier
Roxette,Ace of Base
Roxette,Richard Marx
Roxette,a-ha
Roxette,Eurythmics
gnash,blackbear
gnash,Julia Michaels
gnash,Jaymes Young
The Lumineers,Vance Joy
The Lumineers,Hozier
The Lumineers,Lord Huron
The Lumineers,Kodaline
The Lumineers,The Paper Kites
The Lumineers,Passenger
The Lumineers,GROUPLOVE
The Lumineers,Noah Kahan
The Lumineers,Florence + The Machine
Robbie Williams,James Blunt
TOTO,Daryl Hall & John Oates
ABBA,Cher
ABBA,Elton John
ABBA,Wham!
ABBA,David Bowie
WALK THE MOON,American Authors
WALK THE MOON,GROUPLOVE
